DateRecorded,State,CountyName,AllBedOccupancyRate
05/13/2020,AK,Anchorage,0.66
05/13/2020,AK,Bethel,0.4
05/13/2020,AK,Dillingham,0.15
05/13/2020,AK,Fairbanks North Star,0.46
05/13/2020,AK,Juneau,0.41
05/13/2020,AK,Kenai Peninsula,0.56
05/13/2020,AK,Ketchikan Gateway,0.42
05/13/2020,AK,Kodiak Island,0.22
05/13/2020,AK,Matanuska-Susitna,0.72
05/13/2020,AK,North Slope,0.06
05/13/2020,AK,Northwest Arctic,0.23
05/13/2020,AK,Petersburg,0.26
05/13/2020,AK,Sitka,0.37
05/13/2020,AK,Valdez-Cordova,0.22
05/13/2020,AK,Wrangell,0.19
05/13/2020,AL,Autauga,0.62
05/13/2020,AL,Baldwin,0.64
05/13/2020,AL,Barbour,0.43
05/13/2020,AL,Bibb,0.37
05/13/2020,AL,Blount,0.5
05/13/2020,AL,Bullock,0.21
05/13/2020,AL,Butler,0.18
05/13/2020,AL,Calhoun,0.49
05/13/2020,AL,Cherokee,0.24
05/13/2020,AL,Chilton,0.28
05/13/2020,AL,Choctaw,0.23
05/13/2020,AL,Clarke,0.3
05/13/2020,AL,Clay,0.29
05/13/2020,AL,Coffee,0.28
05/13/2020,AL,Colbert,0.3
05/13/2020,AL,Conecuh,0.29
05/13/2020,AL,Covington,0.32
05/13/2020,AL,Crenshaw,0.12
05/13/2020,AL,Cullman,0.49
05/13/2020,AL,Dale,0.28
05/13/2020,AL,Dallas,0.43
05/13/2020,AL,DeKalb,0.32
05/13/2020,AL,Elmore,0.33
05/13/2020,AL,Escambia,0.34
05/13/2020,AL,Etowah,0.5
05/13/2020,AL,Fayette,0.26
05/13/2020,AL,Franklin,0.36
05/13/2020,AL,Geneva,0.16
05/13/2020,AL,Greene,0.06
05/13/2020,AL,Hale,0.25
05/13/2020,AL,Houston,0.74
05/13/2020,AL,Jackson,0.16
05/13/2020,AL,Jefferson,0.72
05/13/2020,AL,Lauderdale,0.73
05/13/2020,AL,Lawrence,0.16
05/13/2020,AL,Lee,0.59
05/13/2020,AL,Limestone,0.52
05/13/2020,AL,Madison,0.73
05/13/2020,AL,Marengo,0.44
05/13/2020,AL,Marion,0.2
05/13/2020,AL,Marshall,0.51
05/13/2020,AL,Mobile,0.69
05/13/2020,AL,Monroe,0.2
05/13/2020,AL,Montgomery,0.71
05/13/2020,AL,Morgan,0.56
05/13/2020,AL,Pickens,0.15
05/13/2020,AL,Pike,0.18
05/13/2020,AL,Shelby,0.59
05/13/2020,AL,St. Clair,0.58
05/13/2020,AL,Sumter,0.45
05/13/2020,AL,Talladega,0.26
05/13/2020,AL,Tallapoosa,0.33
05/13/2020,AL,Tuscaloosa,0.78
05/13/2020,AL,Walker,0.31
05/13/2020,AL,Washington,0.39
05/13/2020,AL,Wilcox,0.07
05/13/2020,AL,Winston,0.28
05/13/2020,AR,Arkansas,0.16
05/13/2020,AR,Ashley,0.42
05/13/2020,AR,Baxter,0.52
05/13/2020,AR,Benton,0.54
05/13/2020,AR,Boone,0.21
05/13/2020,AR,Bradley,0.26
05/13/2020,AR,Carroll,0.21
05/13/2020,AR,Chicot,0.36
05/13/2020,AR,Clark,0.51
05/13/2020,AR,Clay,0.49
05/13/2020,AR,Columbia,0.4
05/13/2020,AR,Conway,0.31
05/13/2020,AR,Craighead,0.7
05/13/2020,AR,Crawford,0.2
05/13/2020,AR,Crittenden,0.29
05/13/2020,AR,Cross,0.58
05/13/2020,AR,Dallas,0.08
05/13/2020,AR,Desha,0.26
05/13/2020,AR,Drew,0.44
05/13/2020,AR,Faulkner,0.46
05/13/2020,AR,Franklin,0.1
05/13/2020,AR,Fulton,0.41
05/13/2020,AR,Garland,0.62
05/13/2020,AR,Greene,0.31
05/13/2020,AR,Hempstead,0.12
05/13/2020,AR,Hot Spring,0.39
05/13/2020,AR,Howard,0.26
05/13/2020,AR,Independence,0.45
05/13/2020,AR,Izard,0.18
05/13/2020,AR,Jefferson,0.44
05/13/2020,AR,Johnson,0.23
05/13/2020,AR,Lawrence,0.3
05/13/2020,AR,Little River,0.1
05/13/2020,AR,Logan,0.17
05/13/2020,AR,Miller,0.62
05/13/2020,AR,Mississippi,0.27
05/13/2020,AR,Ouachita,0.17
05/13/2020,AR,Phillips,0.1
05/13/2020,AR,Polk,0.31
05/13/2020,AR,Pope,0.43
05/13/2020,AR,Pulaski,0.67
05/13/2020,AR,Randolph,0.16
05/13/2020,AR,Saline,0.54
05/13/2020,AR,Scott,0.13
05/13/2020,AR,Sebastian,0.59
05/13/2020,AR,St. Francis,0.32
05/13/2020,AR,Stone,0.21
05/13/2020,AR,Union,0.31
05/13/2020,AR,Washington,0.6
05/13/2020,AR,White,0.65
05/13/2020,AR,Yell,0.38
05/13/2020,AZ,Apache,0.3
05/13/2020,AZ,Cochise,0.37
05/13/2020,AZ,Coconino,0.53
05/13/2020,AZ,Gila,0.52
05/13/2020,AZ,Graham,0.27
05/13/2020,AZ,La Paz,0.27
05/13/2020,AZ,Maricopa,0.64
05/13/2020,AZ,Mohave,0.44
05/13/2020,AZ,Navajo,0.42
05/13/2020,AZ,Pima,0.58
05/13/2020,AZ,Pinal,0.4
05/13/2020,AZ,Santa Cruz,0.39
05/13/2020,AZ,Yavapai,0.58
05/13/2020,AZ,Yuma,0.48
05/13/2020,CA,Alameda,0.59
05/13/2020,CA,Amador,0.49
05/13/2020,CA,Butte,0.79
05/13/2020,CA,Calaveras,0.34
05/13/2020,CA,Colusa,0.21
05/13/2020,CA,Contra Costa,0.56
05/13/2020,CA,Del Norte,0.55
05/13/2020,CA,El Dorado,0.46
05/13/2020,CA,Fresno,0.44
05/13/2020,CA,Glenn,1.0
05/13/2020,CA,Humboldt,0.62
05/13/2020,CA,Imperial,0.46
05/13/2020,CA,Inyo,0.35
05/13/2020,CA,Kern,0.55
05/13/2020,CA,Kings,0.56
05/13/2020,CA,Lake,0.69
05/13/2020,CA,Lassen,0.4
05/13/2020,CA,Los Angeles,0.62
05/13/2020,CA,Madera,0.51
05/13/2020,CA,Marin,0.5
05/13/2020,CA,Mariposa,0.71
05/13/2020,CA,Mendocino,0.66
05/13/2020,CA,Merced,0.65
05/13/2020,CA,Modoc,0.21
05/13/2020,CA,Mono,0.29
05/13/2020,CA,Monterey,0.59
05/13/2020,CA,Napa,0.53
05/13/2020,CA,Nevada,0.54
05/13/2020,CA,Orange,0.55
05/13/2020,CA,Placer,0.72
05/13/2020,CA,Plumas,0.26
05/13/2020,CA,Riverside,0.58
05/13/2020,CA,Sacramento,0.7
05/13/2020,CA,San Benito,0.38
05/13/2020,CA,San Bernardino,0.64
05/13/2020,CA,San Diego,0.66
05/13/2020,CA,San Francisco,0.64
05/13/2020,CA,San Joaquin,0.58
05/13/2020,CA,San Luis Obispo,0.44
05/13/2020,CA,San Mateo,0.39
05/13/2020,CA,Santa Barbara,0.62
05/13/2020,CA,Santa Clara,0.59
05/13/2020,CA,Santa Cruz,0.55
05/13/2020,CA,Shasta,0.53
05/13/2020,CA,Siskiyou,0.45
05/13/2020,CA,Solano,0.56
05/13/2020,CA,Sonoma,0.58
05/13/2020,CA,Stanislaus,0.62
05/13/2020,CA,Sutter,0.22
05/13/2020,CA,Tehama,0.6
05/13/2020,CA,Trinity,0.23
05/13/2020,CA,Tulare,0.62
05/13/2020,CA,Tuolumne,0.54
05/13/2020,CA,Ventura,0.54
05/13/2020,CA,Yolo,0.52
05/13/2020,CA,Yuba,0.74
05/13/2020,CO,Adams,0.7
05/13/2020,CO,Alamosa,0.41
05/13/2020,CO,Arapahoe,0.73
05/13/2020,CO,Archuleta,0.29
05/13/2020,CO,Baca,0.32
05/13/2020,CO,Boulder,0.58
05/13/2020,CO,Chaffee,0.42
05/13/2020,CO,Cheyenne,0.05
05/13/2020,CO,Conejos,0.17
05/13/2020,CO,Delta,0.28
05/13/2020,CO,Denver,0.6
05/13/2020,CO,Douglas,0.58
05/13/2020,CO,Eagle,0.3
05/13/2020,CO,El Paso,0.64
05/13/2020,CO,Fremont,0.64
05/13/2020,CO,Garfield,0.78
05/13/2020,CO,Grand,0.48
05/13/2020,CO,Gunnison,0.26
05/13/2020,CO,Huerfano,0.13
05/13/2020,CO,Jefferson,0.61
05/13/2020,CO,Kiowa,0.65
05/13/2020,CO,Kit Carson,0.25
05/13/2020,CO,La Plata,0.46
05/13/2020,CO,Lake,0.09
05/13/2020,CO,Larimer,0.6
05/13/2020,CO,Las Animas,0.28
05/13/2020,CO,Lincoln,0.17
05/13/2020,CO,Logan,0.36
05/13/2020,CO,Mesa,0.57
05/13/2020,CO,Moffat,0.37
05/13/2020,CO,Montezuma,0.42
05/13/2020,CO,Montrose,0.4
05/13/2020,CO,Morgan,0.18
05/13/2020,CO,Phillips,0.58
05/13/2020,CO,Pitkin,0.3
05/13/2020,CO,Prowers,0.35
05/13/2020,CO,Pueblo,0.84
05/13/2020,CO,Rio Blanco,0.56
05/13/2020,CO,Rio Grande,0.39
05/13/2020,CO,Routt,0.26
05/13/2020,CO,Sedgwick,0.23
05/13/2020,CO,Summit,0.31
05/13/2020,CO,Teller,0.29
05/13/2020,CO,Weld,0.58
05/13/2020,CO,Yuma,0.2
05/13/2020,CT,Fairfield,0.64
05/13/2020,CT,Hartford,0.71
05/13/2020,CT,Litchfield,0.43
05/13/2020,CT,Middlesex,0.58
05/13/2020,CT,New Haven,0.75
05/13/2020,CT,New London,0.66
05/13/2020,CT,Tolland,0.57
05/13/2020,CT,Windham,0.47
05/13/2020,DC,District of Columbia,0.76
05/13/2020,DE,Kent,0.78
05/13/2020,DE,New Castle,0.71
05/13/2020,DE,Sussex,0.63
05/13/2020,FL,Alachua,0.74
05/13/2020,FL,Baker,0.89
05/13/2020,FL,Bay,0.71
05/13/2020,FL,Bradford,0.44
05/13/2020,FL,Brevard,0.69
05/13/2020,FL,Broward,0.66
05/13/2020,FL,Calhoun,0.7
05/13/2020,FL,Charlotte,0.61
05/13/2020,FL,Citrus,0.52
05/13/2020,FL,Clay,0.87
05/13/2020,FL,Collier,0.77
05/13/2020,FL,Columbia,0.49
05/13/2020,FL,DeSoto,0.25
05/13/2020,FL,Duval,0.6
05/13/2020,FL,Escambia,0.64
05/13/2020,FL,Flagler,0.85
05/13/2020,FL,Franklin,0.07
05/13/2020,FL,Gulf,0.29
05/13/2020,FL,Hardee,1.0
05/13/2020,FL,Hendry,0.55
05/13/2020,FL,Hernando,0.6
05/13/2020,FL,Highlands,0.57
05/13/2020,FL,Hillsborough,0.73
05/13/2020,FL,Holmes,0.6
05/13/2020,FL,Indian River,0.65
05/13/2020,FL,Jackson,0.6
05/13/2020,FL,Lake,0.66
05/13/2020,FL,Lee,0.68
05/13/2020,FL,Leon,0.6
05/13/2020,FL,Madison,0.43
05/13/2020,FL,Manatee,0.67
05/13/2020,FL,Marion,0.7
05/13/2020,FL,Martin,0.46
05/13/2020,FL,Miami-Dade,0.65
05/13/2020,FL,Monroe,0.69
05/13/2020,FL,Nassau,0.27
05/13/2020,FL,Okaloosa,0.77
05/13/2020,FL,Okeechobee,0.47
05/13/2020,FL,Orange,0.81
05/13/2020,FL,Osceola,0.69
05/13/2020,FL,Palm Beach,0.63
05/13/2020,FL,Pasco,0.7
05/13/2020,FL,Pinellas,0.65
05/13/2020,FL,Polk,0.75
05/13/2020,FL,Putnam,0.64
05/13/2020,FL,Santa Rosa,0.43
05/13/2020,FL,Sarasota,0.72
05/13/2020,FL,Seminole,0.62
05/13/2020,FL,St. Johns,0.45
05/13/2020,FL,St. Lucie,0.7
05/13/2020,FL,Sumter,0.62
05/13/2020,FL,Suwannee,0.38
05/13/2020,FL,Taylor,0.44
05/13/2020,FL,Union,0.59
05/13/2020,FL,Volusia,0.66
05/13/2020,FL,Walton,0.41
05/13/2020,FL,Washington,0.81
05/13/2020,GA,Appling,0.21
05/13/2020,GA,Bacon,0.55
05/13/2020,GA,Baldwin,0.3
05/13/2020,GA,Barrow,0.18
05/13/2020,GA,Bartow,0.79
05/13/2020,GA,Ben Hill,0.22
05/13/2020,GA,Berrien,0.04
05/13/2020,GA,Bibb,0.76
05/13/2020,GA,Bleckley,0.86
05/13/2020,GA,Brooks,0.62
05/13/2020,GA,Bulloch,0.68
05/13/2020,GA,Burke,0.07
05/13/2020,GA,Butts,0.52
05/13/2020,GA,Camden,0.55
05/13/2020,GA,Candler,0.31
05/13/2020,GA,Carroll,0.77
05/13/2020,GA,Catoosa,0.11
05/13/2020,GA,Chatham,0.77
05/13/2020,GA,Cherokee,1.0
05/13/2020,GA,Clarke,0.73
05/13/2020,GA,Clayton,0.69
05/13/2020,GA,Clinch,0.46
05/13/2020,GA,Cobb,0.78
05/13/2020,GA,Coffee,0.56
05/13/2020,GA,Colquitt,0.63
05/13/2020,GA,Cook,0.08
05/13/2020,GA,Coweta,0.75
05/13/2020,GA,Crisp,0.54
05/13/2020,GA,DeKalb,0.74
05/13/2020,GA,Decatur,0.21
05/13/2020,GA,Dodge,0.36
05/13/2020,GA,Dougherty,0.6
05/13/2020,GA,Douglas,0.72
05/13/2020,GA,Early,0.63
05/13/2020,GA,Effingham,0.26
05/13/2020,GA,Elbert,0.14
05/13/2020,GA,Emanuel,0.19
05/13/2020,GA,Evans,0.07
05/13/2020,GA,Fannin,0.18
05/13/2020,GA,Fayette,0.74
05/13/2020,GA,Floyd,0.75
05/13/2020,GA,Forsyth,0.78
05/13/2020,GA,Franklin,0.35
05/13/2020,GA,Fulton,0.76
05/13/2020,GA,Glynn,0.58
05/13/2020,GA,Gordon,0.68
05/13/2020,GA,Grady,0.38
05/13/2020,GA,Greene,0.55
05/13/2020,GA,Gwinnett,0.83
05/13/2020,GA,Habersham,0.33
05/13/2020,GA,Hall,0.89
05/13/2020,GA,Haralson,0.82
05/13/2020,GA,Henry,0.74
05/13/2020,GA,Houston,0.71
05/13/2020,GA,Irwin,0.17
05/13/2020,GA,Jackson,0.12
05/13/2020,GA,Jasper,0.31
05/13/2020,GA,Jeff Davis,0.29
05/13/2020,GA,Jefferson,0.12
05/13/2020,GA,Jenkins,0.06
05/13/2020,GA,Laurens,0.57
05/13/2020,GA,Liberty,0.34
05/13/2020,GA,Lowndes,0.74
05/13/2020,GA,Macon,0.02
05/13/2020,GA,McDuffie,0.59
05/13/2020,GA,Meriwether,0.44
05/13/2020,GA,Miller,0.84
05/13/2020,GA,Mitchell,0.68
05/13/2020,GA,Monroe,0.5
05/13/2020,GA,Murray,0.14
05/13/2020,GA,Muscogee,0.61
05/13/2020,GA,Newton,0.55
05/13/2020,GA,Paulding,0.69
05/13/2020,GA,Peach,0.77
05/13/2020,GA,Pickens,0.73
05/13/2020,GA,Polk,0.84
05/13/2020,GA,Pulaski,0.17
05/13/2020,GA,Randolph,0.15
05/13/2020,GA,Richmond,0.68
05/13/2020,GA,Rockdale,0.87
05/13/2020,GA,Screven,0.21
05/13/2020,GA,Seminole,0.25
05/13/2020,GA,Spalding,0.62
05/13/2020,GA,Stephens,0.22
05/13/2020,GA,Sumter,0.54
05/13/2020,GA,Tattnall,0.29
05/13/2020,GA,Thomas,0.66
05/13/2020,GA,Tift,0.67
05/13/2020,GA,Toombs,0.85
05/13/2020,GA,Towns,0.32
05/13/2020,GA,Troup,0.32
05/13/2020,GA,Union,0.57
05/13/2020,GA,Upson,0.4
05/13/2020,GA,Walton,0.35
05/13/2020,GA,Ware,0.52
05/13/2020,GA,Washington,0.14
05/13/2020,GA,Wayne,0.42
05/13/2020,GA,Whitfield,0.44
05/13/2020,GA,Wilkes,0.39
05/13/2020,GA,Worth,0.53
05/13/2020,HI,Hawaii,0.66
05/13/2020,HI,Honolulu,0.66
05/13/2020,HI,Kauai,0.63
05/13/2020,HI,Maui,0.68
05/13/2020,IA,Adair,0.04
05/13/2020,IA,Adams,0.07
05/13/2020,IA,Allamakee,0.28
05/13/2020,IA,Appanoose,0.15
05/13/2020,IA,Audubon,0.07
05/13/2020,IA,Benton,0.18
05/13/2020,IA,Black Hawk,0.43
05/13/2020,IA,Boone,0.4
05/13/2020,IA,Bremer,0.29
05/13/2020,IA,Buchanan,0.14
05/13/2020,IA,Buena Vista,0.37
05/13/2020,IA,Calhoun,0.14
05/13/2020,IA,Carroll,0.33
05/13/2020,IA,Cass,0.37
05/13/2020,IA,Cerro Gordo,0.58
05/13/2020,IA,Cherokee,0.72
05/13/2020,IA,Chickasaw,0.39
05/13/2020,IA,Clarke,0.28
05/13/2020,IA,Clay,0.39
05/13/2020,IA,Clayton,0.12
05/13/2020,IA,Clinton,0.25
05/13/2020,IA,Crawford,0.23
05/13/2020,IA,Dallas,0.08
05/13/2020,IA,Davis,0.09
05/13/2020,IA,Decatur,0.22
05/13/2020,IA,Delaware,0.3
05/13/2020,IA,Des Moines,0.48
05/13/2020,IA,Dickinson,0.2
05/13/2020,IA,Dubuque,0.52
05/13/2020,IA,Emmet,0.22
05/13/2020,IA,Fayette,0.14
05/13/2020,IA,Floyd,0.31
05/13/2020,IA,Franklin,0.15
05/13/2020,IA,Fremont,0.11
05/13/2020,IA,Greene,0.18
05/13/2020,IA,Grundy,0.09
05/13/2020,IA,Guthrie,0.16
05/13/2020,IA,Hancock,0.28
05/13/2020,IA,Hardin,0.35
05/13/2020,IA,Harrison,0.16
05/13/2020,IA,Henry,0.2
05/13/2020,IA,Howard,0.2
05/13/2020,IA,Humboldt,0.2
05/13/2020,IA,Ida,0.22
05/13/2020,IA,Iowa,0.27
05/13/2020,IA,Jackson,0.19
05/13/2020,IA,Jasper,0.18
05/13/2020,IA,Jefferson,0.37
05/13/2020,IA,Johnson,0.7
05/13/2020,IA,Keokuk,0.2
05/13/2020,IA,Kossuth,0.43
05/13/2020,IA,Lee,0.15
05/13/2020,IA,Linn,0.56
05/13/2020,IA,Lucas,0.11
05/13/2020,IA,Madison,0.17
05/13/2020,IA,Mahaska,0.45
05/13/2020,IA,Marion,0.43
05/13/2020,IA,Marshall,0.4
05/13/2020,IA,Mitchell,0.18
05/13/2020,IA,Monona,0.28
05/13/2020,IA,Monroe,0.13
05/13/2020,IA,Montgomery,0.47
05/13/2020,IA,Muscatine,0.25
05/13/2020,IA,O'Brien,0.24
05/13/2020,IA,Osceola,0.11
05/13/2020,IA,Page,0.2
05/13/2020,IA,Palo Alto,0.21
05/13/2020,IA,Plymouth,0.24
05/13/2020,IA,Pocahontas,0.12
05/13/2020,IA,Polk,0.74
05/13/2020,IA,Pottawattamie,0.48
05/13/2020,IA,Poweshiek,0.25
05/13/2020,IA,Ringgold,0.18
05/13/2020,IA,Sac,0.08
05/13/2020,IA,Scott,0.53
05/13/2020,IA,Shelby,0.37
05/13/2020,IA,Sioux,0.23
05/13/2020,IA,Story,0.51
05/13/2020,IA,Union,0.41
05/13/2020,IA,Van Buren,0.09
05/13/2020,IA,Wapello,0.25
05/13/2020,IA,Washington,0.29
05/13/2020,IA,Wayne,0.31
05/13/2020,IA,Webster,0.74
05/13/2020,IA,Winneshiek,0.42
05/13/2020,IA,Woodbury,0.68
05/13/2020,IA,Wright,0.29
05/13/2020,ID,Ada,0.62
05/13/2020,ID,Bannock,0.61
05/13/2020,ID,Bear Lake,0.26
05/13/2020,ID,Benewah,0.19
05/13/2020,ID,Bingham,0.82
05/13/2020,ID,Blaine,0.34
05/13/2020,ID,Bonner,0.51
05/13/2020,ID,Bonneville,0.53
05/13/2020,ID,Boundary,0.13
05/13/2020,ID,Butte,0.05
05/13/2020,ID,Canyon,0.48
05/13/2020,ID,Caribou,0.12
05/13/2020,ID,Cassia,0.38
05/13/2020,ID,Clearwater,0.26
05/13/2020,ID,Elmore,0.45
05/13/2020,ID,Franklin,0.3
05/13/2020,ID,Gem,0.21
05/13/2020,ID,Gooding,0.42
05/13/2020,ID,Idaho,0.25
05/13/2020,ID,Jerome,0.25
05/13/2020,ID,Kootenai,0.61
05/13/2020,ID,Latah,0.56
05/13/2020,ID,Lemhi,0.2
05/13/2020,ID,Madison,0.36
05/13/2020,ID,Minidoka,0.38
05/13/2020,ID,Nez Perce,0.37
05/13/2020,ID,Oneida,0.32
05/13/2020,ID,Power,0.16
05/13/2020,ID,Shoshone,0.18
05/13/2020,ID,Teton,0.1
05/13/2020,ID,Twin Falls,0.57
05/13/2020,ID,Valley,0.2
05/13/2020,ID,Washington,0.14
05/13/2020,IL,Adams,0.56
05/13/2020,IL,Bond,0.34
05/13/2020,IL,Bureau,0.36
05/13/2020,IL,Champaign,0.7
05/13/2020,IL,Christian,0.39
05/13/2020,IL,Clay,0.31
05/13/2020,IL,Clinton,0.28
05/13/2020,IL,Coles,0.63
05/13/2020,IL,Cook,0.62
05/13/2020,IL,Crawford,0.4
05/13/2020,IL,De Witt,0.08
05/13/2020,IL,DeKalb,0.45
05/13/2020,IL,DuPage,0.7
05/13/2020,IL,Edgar,0.59
05/13/2020,IL,Effingham,0.32
05/13/2020,IL,Fayette,0.29
05/13/2020,IL,Ford,0.44
05/13/2020,IL,Franklin,0.09
05/13/2020,IL,Fulton,0.47
05/13/2020,IL,Greene,0.11
05/13/2020,IL,Grundy,0.46
05/13/2020,IL,Hamilton,0.35
05/13/2020,IL,Hancock,0.31
05/13/2020,IL,Hardin,0.28
05/13/2020,IL,Henry,0.26
05/13/2020,IL,Iroquois,0.16
05/13/2020,IL,Jackson,0.6
05/13/2020,IL,Jefferson,0.5
05/13/2020,IL,Jersey,0.15
05/13/2020,IL,Jo Daviess,0.25
05/13/2020,IL,Kane,0.54
05/13/2020,IL,Kankakee,0.43
05/13/2020,IL,Knox,0.3
05/13/2020,IL,LaSalle,0.38
05/13/2020,IL,Lake,0.61
05/13/2020,IL,Lawrence,0.21
05/13/2020,IL,Lee,0.35
05/13/2020,IL,Livingston,0.43
05/13/2020,IL,Logan,0.46
05/13/2020,IL,Macon,0.5
05/13/2020,IL,Macoupin,0.22
05/13/2020,IL,Madison,0.4
05/13/2020,IL,Marion,0.43
05/13/2020,IL,Mason,0.12
05/13/2020,IL,Massac,0.4
05/13/2020,IL,McDonough,0.34
05/13/2020,IL,McHenry,0.62
05/13/2020,IL,McLean,0.48
05/13/2020,IL,Mercer,0.12
05/13/2020,IL,Montgomery,0.38
05/13/2020,IL,Morgan,0.33
05/13/2020,IL,Ogle,0.17
05/13/2020,IL,Peoria,0.7
05/13/2020,IL,Perry,0.23
05/13/2020,IL,Piatt,0.3
05/13/2020,IL,Pike,0.11
05/13/2020,IL,Randolph,0.32
05/13/2020,IL,Richland,0.29
05/13/2020,IL,Rock Island,0.38
05/13/2020,IL,Saline,0.31
05/13/2020,IL,Sangamon,0.69
05/13/2020,IL,Schuyler,0.16
05/13/2020,IL,Shelby,0.12
05/13/2020,IL,St. Clair,0.5
05/13/2020,IL,Stephenson,0.39
05/13/2020,IL,Tazewell,0.22
05/13/2020,IL,Union,0.25
05/13/2020,IL,Vermilion,0.25
05/13/2020,IL,Wabash,0.27
05/13/2020,IL,Warren,0.17
05/13/2020,IL,Washington,0.22
05/13/2020,IL,Wayne,0.18
05/13/2020,IL,Whiteside,0.38
05/13/2020,IL,Will,0.6
05/13/2020,IL,Williamson,0.5
05/13/2020,IL,Winnebago,0.59
05/13/2020,IL,Woodford,0.13
05/13/2020,IN,Adams,0.65
05/13/2020,IN,Allen,0.66
05/13/2020,IN,Bartholomew,0.43
05/13/2020,IN,Blackford,0.4
05/13/2020,IN,Boone,0.33
05/13/2020,IN,Cass,0.38
05/13/2020,IN,Clark,0.61
05/13/2020,IN,Clay,0.07
05/13/2020,IN,Clinton,0.16
05/13/2020,IN,Daviess,0.32
05/13/2020,IN,DeKalb,0.48
05/13/2020,IN,Dearborn,0.38
05/13/2020,IN,Decatur,0.44
05/13/2020,IN,Delaware,0.69
05/13/2020,IN,Dubois,0.37
05/13/2020,IN,Elkhart,0.56
05/13/2020,IN,Fayette,0.21
05/13/2020,IN,Floyd,0.63
05/13/2020,IN,Fulton,0.43
05/13/2020,IN,Gibson,0.17
05/13/2020,IN,Grant,0.5
05/13/2020,IN,Greene,0.3
05/13/2020,IN,Hamilton,0.44
05/13/2020,IN,Hancock,0.36
05/13/2020,IN,Harrison,0.62
05/13/2020,IN,Hendricks,0.55
05/13/2020,IN,Henry,0.49
05/13/2020,IN,Howard,0.43
05/13/2020,IN,Huntington,0.38
05/13/2020,IN,Jackson,0.3
05/13/2020,IN,Jasper,0.17
05/13/2020,IN,Jay,0.25
05/13/2020,IN,Jefferson,0.6
05/13/2020,IN,Jennings,0.07
05/13/2020,IN,Johnson,0.5
05/13/2020,IN,Knox,0.58
05/13/2020,IN,Kosciusko,0.35
05/13/2020,IN,LaGrange,0.37
05/13/2020,IN,LaPorte,0.38
05/13/2020,IN,Lake,0.53
05/13/2020,IN,Lawrence,0.32
05/13/2020,IN,Madison,0.48
05/13/2020,IN,Marion,0.67
05/13/2020,IN,Marshall,0.58
05/13/2020,IN,Miami,0.36
05/13/2020,IN,Monroe,0.61
05/13/2020,IN,Montgomery,0.28
05/13/2020,IN,Morgan,0.25
05/13/2020,IN,Noble,0.45
05/13/2020,IN,Orange,0.1
05/13/2020,IN,Perry,0.34
05/13/2020,IN,Porter,0.65
05/13/2020,IN,Pulaski,0.37
05/13/2020,IN,Putnam,0.28
05/13/2020,IN,Randolph,0.17
05/13/2020,IN,Ripley,0.62
05/13/2020,IN,Rush,0.14
05/13/2020,IN,Scott,0.33
05/13/2020,IN,St. Joseph,0.69
05/13/2020,IN,Starke,0.22
05/13/2020,IN,Steuben,0.49
05/13/2020,IN,Sullivan,0.29
05/13/2020,IN,Tippecanoe,0.65
05/13/2020,IN,Tipton,0.31
05/13/2020,IN,Vanderburgh,0.57
05/13/2020,IN,Vermillion,0.2
05/13/2020,IN,Vigo,0.54
05/13/2020,IN,Warren,0.35
05/13/2020,IN,Warrick,0.67
05/13/2020,IN,Washington,0.05
05/13/2020,IN,Wayne,0.74
05/13/2020,IN,Wells,0.21
05/13/2020,IN,White,0.24
05/13/2020,IN,Whitley,0.46
05/13/2020,KS,Allen,0.36
05/13/2020,KS,Anderson,0.39
05/13/2020,KS,Atchison,0.41
05/13/2020,KS,Barber,0.62
05/13/2020,KS,Barton,0.35
05/13/2020,KS,Bourbon,0.12
05/13/2020,KS,Brown,0.31
05/13/2020,KS,Butler,0.42
05/13/2020,KS,Chautauqua,0.09
05/13/2020,KS,Cherokee,0.21
05/13/2020,KS,Cheyenne,0.19
05/13/2020,KS,Clark,0.28
05/13/2020,KS,Clay,0.64
05/13/2020,KS,Cloud,0.21
05/13/2020,KS,Coffey,0.19
05/13/2020,KS,Comanche,0.2
05/13/2020,KS,Cowley,0.37
05/13/2020,KS,Crawford,0.35
05/13/2020,KS,Decatur,0.15
05/13/2020,KS,Dickinson,0.39
05/13/2020,KS,Douglas,0.51
05/13/2020,KS,Edwards,0.44
05/13/2020,KS,Ellis,0.4
05/13/2020,KS,Ellsworth,0.27
05/13/2020,KS,Finney,0.44
05/13/2020,KS,Ford,0.23
05/13/2020,KS,Franklin,0.25
05/13/2020,KS,Geary,0.18
05/13/2020,KS,Gove,0.24
05/13/2020,KS,Graham,0.2
05/13/2020,KS,Grant,0.24
05/13/2020,KS,Greeley,0.26
05/13/2020,KS,Greenwood,0.29
05/13/2020,KS,Hamilton,0.23
05/13/2020,KS,Harper,0.46
05/13/2020,KS,Harvey,0.27
05/13/2020,KS,Haskell,0.17
05/13/2020,KS,Hodgeman,0.51
05/13/2020,KS,Jackson,0.32
05/13/2020,KS,Jefferson,0.08
05/13/2020,KS,Jewell,0.76
05/13/2020,KS,Johnson,0.6
05/13/2020,KS,Kearny,0.26
05/13/2020,KS,Kingman,0.18
05/13/2020,KS,Kiowa,0.41
05/13/2020,KS,Labette,0.32
05/13/2020,KS,Lane,0.62
05/13/2020,KS,Leavenworth,0.43
05/13/2020,KS,Lincoln,0.45
05/13/2020,KS,Logan,0.18
05/13/2020,KS,Lyon,0.97
05/13/2020,KS,Marion,0.23
05/13/2020,KS,Marshall,0.45
05/13/2020,KS,McPherson,0.2
05/13/2020,KS,Meade,0.1
05/13/2020,KS,Miami,0.79
05/13/2020,KS,Mitchell,1.0
05/13/2020,KS,Montgomery,0.25
05/13/2020,KS,Morris,0.15
05/13/2020,KS,Morton,0.08
05/13/2020,KS,Nemaha,0.25
05/13/2020,KS,Neosho,0.75
05/13/2020,KS,Ness,0.35
05/13/2020,KS,Norton,0.12
05/13/2020,KS,Osborne,0.16
05/13/2020,KS,Ottawa,0.51
05/13/2020,KS,Pawnee,0.59
05/13/2020,KS,Phillips,0.28
05/13/2020,KS,Pottawatomie,0.26
05/13/2020,KS,Pratt,0.37
05/13/2020,KS,Rawlins,0.23
05/13/2020,KS,Reno,0.33
05/13/2020,KS,Republic,0.65
05/13/2020,KS,Rice,0.51
05/13/2020,KS,Riley,0.37
05/13/2020,KS,Rooks,0.35
05/13/2020,KS,Rush,1.0
05/13/2020,KS,Russell,0.33
05/13/2020,KS,Saline,0.51
05/13/2020,KS,Scott,0.41
05/13/2020,KS,Sedgwick,0.61
05/13/2020,KS,Seward,0.33
05/13/2020,KS,Shawnee,0.55
05/13/2020,KS,Sheridan,0.22
05/13/2020,KS,Sherman,0.25
05/13/2020,KS,Stafford,0.19
05/13/2020,KS,Stanton,0.14
05/13/2020,KS,Stevens,0.19
05/13/2020,KS,Sumner,0.13
05/13/2020,KS,Thomas,0.51
05/13/2020,KS,Trego,0.43
05/13/2020,KS,Washington,0.53
05/13/2020,KS,Wichita,0.64
05/13/2020,KS,Wilson,0.26
05/13/2020,KS,Wyandotte,0.7
05/13/2020,KY,Adair,0.01
05/13/2020,KY,Allen,0.75
05/13/2020,KY,Barren,0.51
05/13/2020,KY,Bell,0.31
05/13/2020,KY,Boone,0.8
05/13/2020,KY,Bourbon,0.29
05/13/2020,KY,Boyle,0.42
05/13/2020,KY,Breathitt,0.31
05/13/2020,KY,Breckinridge,0.44
05/13/2020,KY,Caldwell,0.26
05/13/2020,KY,Calloway,0.49
05/13/2020,KY,Campbell,0.68
05/13/2020,KY,Carroll,0.16
05/13/2020,KY,Casey,0.82
05/13/2020,KY,Christian,0.57
05/13/2020,KY,Clark,0.52
05/13/2020,KY,Clay,0.31
05/13/2020,KY,Clinton,0.21
05/13/2020,KY,Crittenden,0.17
05/13/2020,KY,Cumberland,0.32
05/13/2020,KY,Daviess,0.41
05/13/2020,KY,Estill,0.53
05/13/2020,KY,Fayette,0.71
05/13/2020,KY,Fleming,0.11
05/13/2020,KY,Floyd,0.35
05/13/2020,KY,Franklin,0.57
05/13/2020,KY,Grant,0.1
05/13/2020,KY,Graves,0.46
05/13/2020,KY,Grayson,0.35
05/13/2020,KY,Green,0.79
05/13/2020,KY,Greenup,0.58
05/13/2020,KY,Hardin,0.61
05/13/2020,KY,Harlan,0.44
05/13/2020,KY,Harrison,0.19
05/13/2020,KY,Hart,0.31
05/13/2020,KY,Henderson,0.34
05/13/2020,KY,Hopkins,0.37
05/13/2020,KY,Jefferson,0.68
05/13/2020,KY,Johnson,0.28
05/13/2020,KY,Kenton,0.75
05/13/2020,KY,Knox,0.34
05/13/2020,KY,Laurel,0.69
05/13/2020,KY,Lawrence,0.2
05/13/2020,KY,Leslie,0.43
05/13/2020,KY,Letcher,0.47
05/13/2020,KY,Lincoln,0.54
05/13/2020,KY,Livingston,0.33
05/13/2020,KY,Logan,0.1
05/13/2020,KY,Madison,0.47
05/13/2020,KY,Marion,0.13
05/13/2020,KY,Marshall,0.32
05/13/2020,KY,Mason,0.19
05/13/2020,KY,McCracken,0.44
05/13/2020,KY,Mercer,0.32
05/13/2020,KY,Monroe,0.26
05/13/2020,KY,Montgomery,0.44
05/13/2020,KY,Morgan,0.07
05/13/2020,KY,Muhlenberg,0.27
05/13/2020,KY,Nelson,0.48
05/13/2020,KY,Ohio,0.37
05/13/2020,KY,Oldham,0.21
05/13/2020,KY,Perry,0.67
05/13/2020,KY,Pike,0.71
05/13/2020,KY,Pulaski,0.49
05/13/2020,KY,Rockcastle,0.5
05/13/2020,KY,Rowan,0.46
05/13/2020,KY,Russell,0.32
05/13/2020,KY,Scott,0.23
05/13/2020,KY,Shelby,0.09
05/13/2020,KY,Simpson,0.75
05/13/2020,KY,Taylor,0.3
05/13/2020,KY,Trigg,0.4
05/13/2020,KY,Union,0.46
05/13/2020,KY,Warren,0.68
05/13/2020,KY,Wayne,0.34
05/13/2020,KY,Whitley,0.62
05/13/2020,KY,Woodford,0.25
05/13/2020,LA,Acadia,0.28
05/13/2020,LA,Allen,0.16
05/13/2020,LA,Ascension,0.44
05/13/2020,LA,Avoyelles,0.31
05/13/2020,LA,Beauregard,0.56
05/13/2020,LA,Bienville,0.25
05/13/2020,LA,Bossier,0.66
05/13/2020,LA,Caddo,0.66
05/13/2020,LA,Calcasieu,0.42
05/13/2020,LA,Caldwell,0.15
05/13/2020,LA,Claiborne,0.36
05/13/2020,LA,Concordia,0.61
05/13/2020,LA,De Soto,0.11
05/13/2020,LA,East Baton Rouge,0.59
05/13/2020,LA,East Carroll,0.14
05/13/2020,LA,East Feliciana,0.89
05/13/2020,LA,Evangeline,0.18
05/13/2020,LA,Franklin,0.23
05/13/2020,LA,Iberia,0.43
05/13/2020,LA,Jackson,0.12
05/13/2020,LA,Jefferson,0.6
05/13/2020,LA,Jefferson Davis,0.54
05/13/2020,LA,La Salle,0.31
05/13/2020,LA,Lafayette,0.66
05/13/2020,LA,Lafourche,0.43
05/13/2020,LA,Lincoln,0.48
05/13/2020,LA,Madison,0.11
05/13/2020,LA,Morehouse,0.56
05/13/2020,LA,Natchitoches,0.39
05/13/2020,LA,Orleans,0.59
05/13/2020,LA,Ouachita,0.6
05/13/2020,LA,Pointe Coupee,0.15
05/13/2020,LA,Rapides,0.66
05/13/2020,LA,Red River,0.58
05/13/2020,LA,Richland,0.23
05/13/2020,LA,Sabine,0.07
05/13/2020,LA,St. Bernard,0.38
05/13/2020,LA,St. Charles,0.21
05/13/2020,LA,St. Helena,0.17
05/13/2020,LA,St. James,0.56
05/13/2020,LA,St. Landry,0.45
05/13/2020,LA,St. Martin,0.67
05/13/2020,LA,St. Mary,0.17
05/13/2020,LA,St. Tammany,0.5
05/13/2020,LA,Tangipahoa,0.48
05/13/2020,LA,Terrebonne,0.45
05/13/2020,LA,Union,0.28
05/13/2020,LA,Vermilion,0.34
05/13/2020,LA,Vernon,0.4
05/13/2020,LA,Washington,0.29
05/13/2020,LA,Webster,0.21
05/13/2020,LA,West Carroll,0.55
05/13/2020,LA,West Feliciana,0.07
05/13/2020,LA,Winn,0.28
05/13/2020,MA,Barnstable,0.74
05/13/2020,MA,Berkshire,0.71
05/13/2020,MA,Bristol,0.59
05/13/2020,MA,Dukes,0.6
05/13/2020,MA,Essex,0.64
05/13/2020,MA,Franklin,0.57
05/13/2020,MA,Hampden,0.68
05/13/2020,MA,Hampshire,0.56
05/13/2020,MA,Middlesex,0.63
05/13/2020,MA,Nantucket,0.35
05/13/2020,MA,Norfolk,0.66
05/13/2020,MA,Plymouth,0.75
05/13/2020,MA,Suffolk,0.83
05/13/2020,MA,Worcester,0.76
05/13/2020,MD,Allegany,0.73
05/13/2020,MD,Anne Arundel,0.78
05/13/2020,MD,Baltimore,0.75
05/13/2020,MD,Calvert,0.8
05/13/2020,MD,Carroll,0.5
05/13/2020,MD,Cecil,0.59
05/13/2020,MD,Charles,0.76
05/13/2020,MD,Dorchester,0.93
05/13/2020,MD,Frederick,0.76
05/13/2020,MD,Garrett,0.65
05/13/2020,MD,Harford,0.77
05/13/2020,MD,Howard,0.79
05/13/2020,MD,Kent,0.37
05/13/2020,MD,Montgomery,0.75
05/13/2020,MD,Prince George's,0.64
05/13/2020,MD,Somerset,0.52
05/13/2020,MD,St. Mary's,0.74
05/13/2020,MD,Talbot,0.65
05/13/2020,MD,Washington,0.67
05/13/2020,MD,Wicomico,0.6
05/13/2020,MD,Worcester,0.59
05/13/2020,ME,Androscoggin,0.48
05/13/2020,ME,Aroostook,0.46
05/13/2020,ME,Cumberland,0.7
05/13/2020,ME,Franklin,0.38
05/13/2020,ME,Hancock,0.42
05/13/2020,ME,Kennebec,0.79
05/13/2020,ME,Knox,0.55
05/13/2020,ME,Lincoln,0.5
05/13/2020,ME,Oxford,0.45
05/13/2020,ME,Penobscot,0.75
05/13/2020,ME,Piscataquis,0.58
05/13/2020,ME,Somerset,0.52
05/13/2020,ME,Waldo,0.65
05/13/2020,ME,Washington,0.37
05/13/2020,ME,York,0.5
05/13/2020,MI,Alger,0.11
05/13/2020,MI,Allegan,0.23
05/13/2020,MI,Alpena,0.34
05/13/2020,MI,Arenac,0.12
05/13/2020,MI,Baraga,0.24
05/13/2020,MI,Barry,0.58
05/13/2020,MI,Bay,0.56
05/13/2020,MI,Berrien,0.48
05/13/2020,MI,Branch,0.37
05/13/2020,MI,Calhoun,0.52
05/13/2020,MI,Cass,0.1
05/13/2020,MI,Charlevoix,0.28
05/13/2020,MI,Chippewa,0.54
05/13/2020,MI,Clare,0.14
05/13/2020,MI,Clinton,0.28
05/13/2020,MI,Crawford,0.4
05/13/2020,MI,Delta,0.52
05/13/2020,MI,Dickinson,0.58
05/13/2020,MI,Eaton,0.19
05/13/2020,MI,Emmet,0.51
05/13/2020,MI,Genesee,0.71
05/13/2020,MI,Gladwin,0.12
05/13/2020,MI,Gogebic,0.38
05/13/2020,MI,Grand Traverse,0.61
05/13/2020,MI,Gratiot,0.61
05/13/2020,MI,Hillsdale,0.31
05/13/2020,MI,Houghton,0.32
05/13/2020,MI,Huron,0.18
05/13/2020,MI,Ingham,0.65
05/13/2020,MI,Ionia,0.28
05/13/2020,MI,Iosco,0.21
05/13/2020,MI,Iron,0.24
05/13/2020,MI,Isabella,0.3
05/13/2020,MI,Jackson,0.63
05/13/2020,MI,Kalamazoo,0.64
05/13/2020,MI,Kalkaska,0.15
05/13/2020,MI,Kent,0.74
05/13/2020,MI,Lapeer,0.36
05/13/2020,MI,Lenawee,0.28
05/13/2020,MI,Livingston,0.48
05/13/2020,MI,Luce,0.19
05/13/2020,MI,Mackinac,0.39
05/13/2020,MI,Macomb,0.64
05/13/2020,MI,Manistee,0.21
05/13/2020,MI,Marquette,0.43
05/13/2020,MI,Mason,0.43
05/13/2020,MI,Mecosta,0.4
05/13/2020,MI,Midland,0.51
05/13/2020,MI,Monroe,0.37
05/13/2020,MI,Montcalm,0.26
05/13/2020,MI,Muskegon,0.56
05/13/2020,MI,Newaygo,0.52
05/13/2020,MI,Oakland,0.67
05/13/2020,MI,Oceana,0.1
05/13/2020,MI,Ogemaw,0.23
05/13/2020,MI,Ontonagon,0.05
05/13/2020,MI,Osceola,0.16
05/13/2020,MI,Otsego,0.39
05/13/2020,MI,Ottawa,0.37
05/13/2020,MI,Saginaw,0.7
05/13/2020,MI,Sanilac,0.14
05/13/2020,MI,Schoolcraft,0.38
05/13/2020,MI,Shiawassee,0.42
05/13/2020,MI,St. Clair,0.52
05/13/2020,MI,St. Joseph,0.18
05/13/2020,MI,Tuscola,0.1
05/13/2020,MI,Van Buren,0.1
05/13/2020,MI,Washtenaw,0.78
05/13/2020,MI,Wayne,0.66
05/13/2020,MI,Wexford,0.52
05/13/2020,MN,Aitkin,0.39
05/13/2020,MN,Anoka,0.74
05/13/2020,MN,Becker,0.51
05/13/2020,MN,Beltrami,0.51
05/13/2020,MN,Big Stone,0.13
05/13/2020,MN,Blue Earth,0.68
05/13/2020,MN,Brown,0.3
05/13/2020,MN,Carlton,0.33
05/13/2020,MN,Carver,0.56
05/13/2020,MN,Cass,0.01
05/13/2020,MN,Chippewa,0.25
05/13/2020,MN,Chisago,0.51
05/13/2020,MN,Clearwater,0.11
05/13/2020,MN,Cook,0.2
05/13/2020,MN,Cottonwood,0.19
05/13/2020,MN,Crow Wing,0.43
05/13/2020,MN,Dakota,0.65
05/13/2020,MN,Douglas,0.33
05/13/2020,MN,Faribault,0.37
05/13/2020,MN,Freeborn,0.25
05/13/2020,MN,Goodhue,0.36
05/13/2020,MN,Grant,0.17
05/13/2020,MN,Hennepin,0.69
05/13/2020,MN,Hubbard,0.48
05/13/2020,MN,Isanti,0.4
05/13/2020,MN,Itasca,0.26
05/13/2020,MN,Jackson,0.15
05/13/2020,MN,Kanabec,0.38
05/13/2020,MN,Kandiyohi,0.46
05/13/2020,MN,Kittson,0.1
05/13/2020,MN,Koochiching,0.34
05/13/2020,MN,Lac qui Parle,0.18
05/13/2020,MN,Lake,0.41
05/13/2020,MN,Lake of the Woods,0.2
05/13/2020,MN,Le Sueur,0.2
05/13/2020,MN,Lincoln,0.07
05/13/2020,MN,Lyon,0.28
05/13/2020,MN,Mahnomen,0.14
05/13/2020,MN,Marshall,0.22
05/13/2020,MN,Martin,0.24
05/13/2020,MN,McLeod,0.41
05/13/2020,MN,Meeker,0.3
05/13/2020,MN,Mille Lacs,0.27
05/13/2020,MN,Morrison,0.37
05/13/2020,MN,Mower,0.27
05/13/2020,MN,Murray,0.16
05/13/2020,MN,Nicollet,0.47
05/13/2020,MN,Nobles,0.19
05/13/2020,MN,Norman,0.04
05/13/2020,MN,Olmsted,0.72
05/13/2020,MN,Otter Tail,0.23
05/13/2020,MN,Pennington,0.78
05/13/2020,MN,Pine,0.26
05/13/2020,MN,Pipestone,0.17
05/13/2020,MN,Polk,0.23
05/13/2020,MN,Pope,0.49
05/13/2020,MN,Ramsey,0.78
05/13/2020,MN,Redwood,0.21
05/13/2020,MN,Renville,0.27
05/13/2020,MN,Rice,0.37
05/13/2020,MN,Rock,0.27
05/13/2020,MN,Roseau,0.34
05/13/2020,MN,Scott,0.56
05/13/2020,MN,Sherburne,0.44
05/13/2020,MN,Sibley,0.15
05/13/2020,MN,St. Louis,0.63
05/13/2020,MN,Stearns,0.66
05/13/2020,MN,Steele,0.59
05/13/2020,MN,Stevens,0.29
05/13/2020,MN,Swift,0.13
05/13/2020,MN,Todd,0.55
05/13/2020,MN,Traverse,0.09
05/13/2020,MN,Wabasha,0.25
05/13/2020,MN,Wadena,0.28
05/13/2020,MN,Waseca,0.45
05/13/2020,MN,Washington,0.55
05/13/2020,MN,Watonwan,0.13
05/13/2020,MN,Wilkin,0.29
05/13/2020,MN,Winona,0.45
05/13/2020,MN,Wright,0.46
05/13/2020,MN,Yellow Medicine,0.16
05/13/2020,MO,Adair,0.52
05/13/2020,MO,Audrain,0.31
05/13/2020,MO,Barry,0.26
05/13/2020,MO,Barton,0.25
05/13/2020,MO,Bates,0.2
05/13/2020,MO,Boone,0.61
05/13/2020,MO,Buchanan,0.64
05/13/2020,MO,Butler,0.58
05/13/2020,MO,Callaway,0.66
05/13/2020,MO,Camden,0.47
05/13/2020,MO,Cape Girardeau,0.53
05/13/2020,MO,Carroll,0.22
05/13/2020,MO,Cass,0.38
05/13/2020,MO,Cedar,0.18
05/13/2020,MO,Clay,0.59
05/13/2020,MO,Clinton,0.6
05/13/2020,MO,Cole,0.45
05/13/2020,MO,Cooper,0.1
05/13/2020,MO,Crawford,0.58
05/13/2020,MO,Dent,0.39
05/13/2020,MO,Dunklin,0.2
05/13/2020,MO,Franklin,0.41
05/13/2020,MO,Gasconade,0.4
05/13/2020,MO,Gentry,0.22
05/13/2020,MO,Greene,0.72
05/13/2020,MO,Grundy,0.37
05/13/2020,MO,Harrison,0.45
05/13/2020,MO,Henry,0.62
05/13/2020,MO,Howell,0.44
05/13/2020,MO,Iron,0.26
05/13/2020,MO,Jackson,0.72
05/13/2020,MO,Jasper,0.55
05/13/2020,MO,Jefferson,0.41
05/13/2020,MO,Johnson,0.51
05/13/2020,MO,Laclede,0.38
05/13/2020,MO,Lafayette,0.29
05/13/2020,MO,Lawrence,0.24
05/13/2020,MO,Lincoln,0.35
05/13/2020,MO,Linn,0.12
05/13/2020,MO,Livingston,0.65
05/13/2020,MO,Macon,0.43
05/13/2020,MO,Madison,0.21
05/13/2020,MO,Marion,0.51
05/13/2020,MO,Newton,0.64
05/13/2020,MO,Nodaway,0.22
05/13/2020,MO,Pemiscot,0.35
05/13/2020,MO,Perry,0.65
05/13/2020,MO,Pettis,0.39
05/13/2020,MO,Phelps,0.31
05/13/2020,MO,Pike,0.17
05/13/2020,MO,Platte,0.67
05/13/2020,MO,Polk,0.5
05/13/2020,MO,Putnam,0.28
05/13/2020,MO,Randolph,0.27
05/13/2020,MO,Ray,0.33
05/13/2020,MO,Saline,0.27
05/13/2020,MO,Scotland,0.36
05/13/2020,MO,Scott,0.33
05/13/2020,MO,St. Charles,0.62
05/13/2020,MO,St. Clair,0.06
05/13/2020,MO,St. Francois,0.81
05/13/2020,MO,St. Louis,0.61
05/13/2020,MO,Ste. Genevieve,0.46
05/13/2020,MO,Stoddard,0.28
05/13/2020,MO,Sullivan,0.51
05/13/2020,MO,Taney,0.72
05/13/2020,MO,Texas,0.28
05/13/2020,MO,Vernon,0.2
05/13/2020,MO,Washington,0.38
05/13/2020,MS,Adams,0.36
05/13/2020,MS,Alcorn,0.54
05/13/2020,MS,Amite,0.54
05/13/2020,MS,Attala,0.34
05/13/2020,MS,Bolivar,0.21
05/13/2020,MS,Calhoun,0.49
05/13/2020,MS,Chickasaw,0.13
05/13/2020,MS,Choctaw,0.48
05/13/2020,MS,Claiborne,0.36
05/13/2020,MS,Clarke,0.43
05/13/2020,MS,Clay,0.4
05/13/2020,MS,Coahoma,0.17
05/13/2020,MS,Copiah,0.6
05/13/2020,MS,Covington,0.57
05/13/2020,MS,DeSoto,0.65
05/13/2020,MS,Forrest,0.78
05/13/2020,MS,Franklin,0.67
05/13/2020,MS,George,0.23
05/13/2020,MS,Greene,0.52
05/13/2020,MS,Grenada,0.4
05/13/2020,MS,Hancock,0.2
05/13/2020,MS,Harrison,0.57
05/13/2020,MS,Hinds,0.67
05/13/2020,MS,Holmes,0.28
05/13/2020,MS,Jackson,0.59
05/13/2020,MS,Jasper,0.32
05/13/2020,MS,Jefferson,0.09
05/13/2020,MS,Jefferson Davis,0.19
05/13/2020,MS,Jones,0.38
05/13/2020,MS,Kemper,0.4
05/13/2020,MS,Lafayette,0.57
05/13/2020,MS,Lamar,0.65
05/13/2020,MS,Lauderdale,0.45
05/13/2020,MS,Lawrence,0.26
05/13/2020,MS,Lee,0.63
05/13/2020,MS,Leflore,0.31
05/13/2020,MS,Lincoln,0.23
05/13/2020,MS,Lowndes,0.41
05/13/2020,MS,Madison,0.22
05/13/2020,MS,Marion,0.37
05/13/2020,MS,Marshall,0.2
05/13/2020,MS,Monroe,0.34
05/13/2020,MS,Montgomery,0.42
05/13/2020,MS,Neshoba,0.21
05/13/2020,MS,Newton,0.58
05/13/2020,MS,Noxubee,0.4
05/13/2020,MS,Oktibbeha,0.29
05/13/2020,MS,Panola,0.58
05/13/2020,MS,Pearl River,0.42
05/13/2020,MS,Perry,0.18
05/13/2020,MS,Pike,0.27
05/13/2020,MS,Pontotoc,0.62
05/13/2020,MS,Prentiss,0.16
05/13/2020,MS,Rankin,0.46
05/13/2020,MS,Scott,0.42
05/13/2020,MS,Sharkey,0.3
05/13/2020,MS,Simpson,0.29
05/13/2020,MS,Stone,0.54
05/13/2020,MS,Sunflower,0.42
05/13/2020,MS,Tallahatchie,1.0
05/13/2020,MS,Tippah,0.42
05/13/2020,MS,Tishomingo,0.26
05/13/2020,MS,Union,0.32
05/13/2020,MS,Walthall,0.19
05/13/2020,MS,Warren,0.33
05/13/2020,MS,Washington,0.47
05/13/2020,MS,Wayne,0.56
05/13/2020,MS,Webster,0.53
05/13/2020,MS,Yalobusha,0.6
05/13/2020,MS,Yazoo,0.45
05/13/2020,MT,Big Horn,0.3
05/13/2020,MT,Blaine,0.0
05/13/2020,MT,Broadwater,0.82
05/13/2020,MT,Carbon,0.55
05/13/2020,MT,Carter,0.63
05/13/2020,MT,Cascade,0.37
05/13/2020,MT,Chouteau,0.57
05/13/2020,MT,Custer,0.59
05/13/2020,MT,Daniels,0.83
05/13/2020,MT,Dawson,0.28
05/13/2020,MT,Deer Lodge,0.95
05/13/2020,MT,Fallon,0.59
05/13/2020,MT,Fergus,0.41
05/13/2020,MT,Flathead,0.6
05/13/2020,MT,Gallatin,0.7
05/13/2020,MT,Garfield,0.0
05/13/2020,MT,Glacier,0.15
05/13/2020,MT,Granite,0.83
05/13/2020,MT,Hill,0.2
05/13/2020,MT,Lake,0.4
05/13/2020,MT,Lewis and Clark,0.66
05/13/2020,MT,Liberty,0.84
05/13/2020,MT,Lincoln,0.29
05/13/2020,MT,Madison,0.33
05/13/2020,MT,McCone,0.53
05/13/2020,MT,Meagher,0.69
05/13/2020,MT,Mineral,0.65
05/13/2020,MT,Missoula,0.56
05/13/2020,MT,Musselshell,0.84
05/13/2020,MT,Park,0.46
05/13/2020,MT,Phillips,0.24
05/13/2020,MT,Pondera,0.13
05/13/2020,MT,Powell,0.19
05/13/2020,MT,Prairie,0.94
05/13/2020,MT,Ravalli,0.59
05/13/2020,MT,Richland,0.54
05/13/2020,MT,Roosevelt,0.4
05/13/2020,MT,Rosebud,0.34
05/13/2020,MT,Sanders,0.32
05/13/2020,MT,Sheridan,0.22
05/13/2020,MT,Silver Bow,0.57
05/13/2020,MT,Sweet Grass,0.83
05/13/2020,MT,Teton,0.9
05/13/2020,MT,Toole,0.16
05/13/2020,MT,Valley,0.19
05/13/2020,MT,Wheatland,0.77
05/13/2020,MT,Yellowstone,0.66
05/13/2020,NC,Alamance,0.57
05/13/2020,NC,Alleghany,0.14
05/13/2020,NC,Anson,0.13
05/13/2020,NC,Ashe,0.52
05/13/2020,NC,Avery,0.2
05/13/2020,NC,Beaufort,0.48
05/13/2020,NC,Bertie,0.63
05/13/2020,NC,Bladen,0.44
05/13/2020,NC,Brunswick,0.66
05/13/2020,NC,Buncombe,0.81
05/13/2020,NC,Burke,0.5
05/13/2020,NC,Cabarrus,0.67
05/13/2020,NC,Caldwell,0.5
05/13/2020,NC,Camden,0.61
05/13/2020,NC,Carteret,0.75
05/13/2020,NC,Catawba,0.45
05/13/2020,NC,Chatham,0.49
05/13/2020,NC,Cherokee,0.69
05/13/2020,NC,Chowan,0.63
05/13/2020,NC,Cleveland,0.4
05/13/2020,NC,Columbus,0.31
05/13/2020,NC,Craven,0.62
05/13/2020,NC,Cumberland,0.84
05/13/2020,NC,Dare,0.36
05/13/2020,NC,Davidson,0.46
05/13/2020,NC,Davie,0.57
05/13/2020,NC,Duplin,0.51
05/13/2020,NC,Durham,0.83
05/13/2020,NC,Edgecombe,0.41
05/13/2020,NC,Forsyth,0.75
05/13/2020,NC,Gaston,0.77
05/13/2020,NC,Granville,0.48
05/13/2020,NC,Guilford,0.68
05/13/2020,NC,Halifax,0.44
05/13/2020,NC,Harnett,0.37
05/13/2020,NC,Haywood,0.38
05/13/2020,NC,Henderson,0.53
05/13/2020,NC,Hertford,0.54
05/13/2020,NC,Hoke,0.2
05/13/2020,NC,Iredell,0.44
05/13/2020,NC,Jackson,0.42
05/13/2020,NC,Johnston,0.57
05/13/2020,NC,Lee,0.34
05/13/2020,NC,Lenoir,0.06
05/13/2020,NC,Lincoln,0.53
05/13/2020,NC,Macon,0.45
05/13/2020,NC,Martin,0.27
05/13/2020,NC,McDowell,0.46
05/13/2020,NC,Mecklenburg,0.79
05/13/2020,NC,Mitchell,0.47
05/13/2020,NC,Montgomery,0.49
05/13/2020,NC,Moore,0.68
05/13/2020,NC,Nash,0.5
05/13/2020,NC,New Hanover,0.83
05/13/2020,NC,Onslow,0.64
05/13/2020,NC,Orange,0.87
05/13/2020,NC,Pender,0.34
05/13/2020,NC,Person,0.24
05/13/2020,NC,Pitt,0.76
05/13/2020,NC,Polk,0.49
05/13/2020,NC,Randolph,0.27
05/13/2020,NC,Robeson,0.75
05/13/2020,NC,Rockingham,0.27
05/13/2020,NC,Rowan,0.72
05/13/2020,NC,Rutherford,0.27
05/13/2020,NC,Sampson,0.41
05/13/2020,NC,Scotland,0.57
05/13/2020,NC,Stanly,0.34
05/13/2020,NC,Stokes,0.27
05/13/2020,NC,Surry,0.38
05/13/2020,NC,Swain,0.28
05/13/2020,NC,Transylvania,0.61
05/13/2020,NC,Union,0.53
05/13/2020,NC,Vance,0.54
05/13/2020,NC,Wake,0.79
05/13/2020,NC,Washington,0.09
05/13/2020,NC,Watauga,0.41
05/13/2020,NC,Wayne,0.52
05/13/2020,NC,Wilkes,0.34
05/13/2020,NC,Wilson,0.27
05/13/2020,ND,Adams,0.28
05/13/2020,ND,Barnes,0.32
05/13/2020,ND,Bottineau,0.6
05/13/2020,ND,Bowman,0.13
05/13/2020,ND,Burleigh,0.63
05/13/2020,ND,Cass,0.71
05/13/2020,ND,Cavalier,0.08
05/13/2020,ND,Dickey,0.22
05/13/2020,ND,Divide,0.29
05/13/2020,ND,Emmons,0.1
05/13/2020,ND,Foster,0.13
05/13/2020,ND,Grand Forks,0.55
05/13/2020,ND,Grant,0.83
05/13/2020,ND,Griggs,0.11
05/13/2020,ND,McIntosh,0.11
05/13/2020,ND,McLean,0.67
05/13/2020,ND,Mercer,0.3
05/13/2020,ND,Morton,0.45
05/13/2020,ND,Mountrail,0.14
05/13/2020,ND,Nelson,0.11
05/13/2020,ND,Pembina,0.1
05/13/2020,ND,Pierce,0.29
05/13/2020,ND,Ramsey,0.41
05/13/2020,ND,Ransom,0.38
05/13/2020,ND,Rolette,0.24
05/13/2020,ND,Sioux,0.04
05/13/2020,ND,Stark,0.49
05/13/2020,ND,Stutsman,0.74
05/13/2020,ND,Towner,0.18
05/13/2020,ND,Traill,0.17
05/13/2020,ND,Walsh,0.39
05/13/2020,ND,Ward,0.61
05/13/2020,ND,Wells,0.21
05/13/2020,ND,Williams,0.38
05/13/2020,NE,Adams,0.45
05/13/2020,NE,Antelope,0.12
05/13/2020,NE,Boone,0.4
05/13/2020,NE,Box Butte,0.34
05/13/2020,NE,Boyd,0.04
05/13/2020,NE,Brown,0.13
05/13/2020,NE,Buffalo,0.37
05/13/2020,NE,Burt,0.05
05/13/2020,NE,Butler,0.22
05/13/2020,NE,Chase,0.07
05/13/2020,NE,Cherry,0.19
05/13/2020,NE,Cheyenne,0.29
05/13/2020,NE,Colfax,0.04
05/13/2020,NE,Cuming,0.2
05/13/2020,NE,Custer,0.13
05/13/2020,NE,Dawes,0.21
05/13/2020,NE,Dawson,0.23
05/13/2020,NE,Dodge,0.45
05/13/2020,NE,Douglas,0.71
05/13/2020,NE,Dundy,0.12
05/13/2020,NE,Franklin,0.04
05/13/2020,NE,Furnas,0.27
05/13/2020,NE,Gage,0.46
05/13/2020,NE,Garden,0.07
05/13/2020,NE,Hall,0.43
05/13/2020,NE,Hamilton,0.3
05/13/2020,NE,Harlan,0.11
05/13/2020,NE,Holt,0.29
05/13/2020,NE,Howard,0.15
05/13/2020,NE,Jefferson,0.16
05/13/2020,NE,Johnson,0.19
05/13/2020,NE,Kearney,0.2
05/13/2020,NE,Keith,0.13
05/13/2020,NE,Kimball,0.22
05/13/2020,NE,Knox,0.11
05/13/2020,NE,Lancaster,0.65
05/13/2020,NE,Lincoln,0.54
05/13/2020,NE,Madison,0.42
05/13/2020,NE,Merrick,0.16
05/13/2020,NE,Morrill,0.1
05/13/2020,NE,Nance,0.08
05/13/2020,NE,Nemaha,0.12
05/13/2020,NE,Nuckolls,0.19
05/13/2020,NE,Pawnee,0.11
05/13/2020,NE,Perkins,0.24
05/13/2020,NE,Phelps,0.4
05/13/2020,NE,Pierce,0.19
05/13/2020,NE,Platte,0.42
05/13/2020,NE,Polk,0.07
05/13/2020,NE,Red Willow,0.4
05/13/2020,NE,Rock,0.09
05/13/2020,NE,Saline,0.1
05/13/2020,NE,Sarpy,0.52
05/13/2020,NE,Saunders,0.13
05/13/2020,NE,Scotts Bluff,0.49
05/13/2020,NE,Seward,0.34
05/13/2020,NE,Sheridan,0.16
05/13/2020,NE,Thayer,0.19
05/13/2020,NE,Thurston,0.3
05/13/2020,NE,Valley,0.32
05/13/2020,NE,Washington,0.09
05/13/2020,NE,Wayne,0.21
05/13/2020,NE,Webster,0.08
05/13/2020,NE,York,0.25
05/13/2020,NH,Belknap,0.64
05/13/2020,NH,Carroll,0.5
05/13/2020,NH,Cheshire,0.61
05/13/2020,NH,Coos,0.38
05/13/2020,NH,Grafton,0.75
05/13/2020,NH,Hillsborough,0.66
05/13/2020,NH,Merrimack,0.71
05/13/2020,NH,Rockingham,0.7
05/13/2020,NH,Strafford,0.68
05/13/2020,NH,Sullivan,0.37
05/13/2020,NJ,Atlantic,0.65
05/13/2020,NJ,Bergen,0.74
05/13/2020,NJ,Burlington,0.68
05/13/2020,NJ,Camden,0.7
05/13/2020,NJ,Cape May,0.44
05/13/2020,NJ,Cumberland,0.76
05/13/2020,NJ,Essex,0.75
05/13/2020,NJ,Gloucester,0.46
05/13/2020,NJ,Hudson,0.61
05/13/2020,NJ,Hunterdon,0.61
05/13/2020,NJ,Mercer,0.8
05/13/2020,NJ,Middlesex,0.69
05/13/2020,NJ,Monmouth,0.65
05/13/2020,NJ,Morris,0.71
05/13/2020,NJ,Ocean,0.64
05/13/2020,NJ,Passaic,0.7
05/13/2020,NJ,Salem,0.27
05/13/2020,NJ,Somerset,0.73
05/13/2020,NJ,Sussex,0.74
05/13/2020,NJ,Union,0.66
05/13/2020,NJ,Warren,0.5
05/13/2020,NM,Bernalillo,0.73
05/13/2020,NM,Chaves,0.38
05/13/2020,NM,Cibola,0.23
05/13/2020,NM,Colfax,0.25
05/13/2020,NM,Curry,0.34
05/13/2020,NM,Doña Ana,0.65
05/13/2020,NM,Eddy,0.27
05/13/2020,NM,Grant,0.38
05/13/2020,NM,Guadalupe,0.16
05/13/2020,NM,Lea,0.25
05/13/2020,NM,Lincoln,0.44
05/13/2020,NM,Los Alamos,0.15
05/13/2020,NM,Luna,0.51
05/13/2020,NM,McKinley,0.42
05/13/2020,NM,Otero,0.53
05/13/2020,NM,Quay,0.09
05/13/2020,NM,Rio Arriba,0.42
05/13/2020,NM,Roosevelt,0.12
05/13/2020,NM,San Juan,0.48
05/13/2020,NM,San Miguel,0.2
05/13/2020,NM,Sandoval,0.54
05/13/2020,NM,Santa Fe,0.63
05/13/2020,NM,Sierra,0.37
05/13/2020,NM,Socorro,0.21
05/13/2020,NM,Taos,0.52
05/13/2020,NM,Union,0.09
05/13/2020,NV,Carson City,0.67
05/13/2020,NV,Churchill,0.55
05/13/2020,NV,Clark,0.71
05/13/2020,NV,Douglas,0.5
05/13/2020,NV,Elko,0.24
05/13/2020,NV,Humboldt,0.31
05/13/2020,NV,Lander,0.22
05/13/2020,NV,Lincoln,0.51
05/13/2020,NV,Lyon,0.16
05/13/2020,NV,Mineral,0.62
05/13/2020,NV,Nye,0.38
05/13/2020,NV,Pershing,0.1
05/13/2020,NV,Washoe,0.64
05/13/2020,NV,White Pine,0.19
05/13/2020,NY,Albany,0.77
05/13/2020,NY,Allegany,0.39
05/13/2020,NY,Bronx,0.84
05/13/2020,NY,Broome,0.65
05/13/2020,NY,Cattaraugus,0.43
05/13/2020,NY,Cayuga,0.58
05/13/2020,NY,Chautauqua,0.44
05/13/2020,NY,Chemung,0.62
05/13/2020,NY,Chenango,0.19
05/13/2020,NY,Clinton,0.45
05/13/2020,NY,Columbia,0.67
05/13/2020,NY,Cortland,0.32
05/13/2020,NY,Delaware,0.36
05/13/2020,NY,Dutchess,0.67
05/13/2020,NY,Erie,0.71
05/13/2020,NY,Essex,0.49
05/13/2020,NY,Franklin,0.28
05/13/2020,NY,Fulton,0.4
05/13/2020,NY,Genesee,0.39
05/13/2020,NY,Herkimer,0.61
05/13/2020,NY,Jefferson,0.43
05/13/2020,NY,Kings,0.77
05/13/2020,NY,Lewis,0.5
05/13/2020,NY,Livingston,0.33
05/13/2020,NY,Madison,0.33
05/13/2020,NY,Monroe,0.95
05/13/2020,NY,Montgomery,0.64
05/13/2020,NY,Nassau,0.76
05/13/2020,NY,New York,0.76
05/13/2020,NY,Niagara,0.54
05/13/2020,NY,Oneida,0.69
05/13/2020,NY,Onondaga,0.68
05/13/2020,NY,Ontario,0.45
05/13/2020,NY,Orange,0.77
05/13/2020,NY,Orleans,0.3
05/13/2020,NY,Oswego,0.29
05/13/2020,NY,Otsego,0.65
05/13/2020,NY,Putnam,0.45
05/13/2020,NY,Queens,0.83
05/13/2020,NY,Rensselaer,0.55
05/13/2020,NY,Richmond,0.88
05/13/2020,NY,Rockland,0.7
05/13/2020,NY,Saratoga,0.88
05/13/2020,NY,Schenectady,0.75
05/13/2020,NY,Schoharie,0.27
05/13/2020,NY,Schuyler,0.39
05/13/2020,NY,St. Lawrence,0.51
05/13/2020,NY,Steuben,0.54
05/13/2020,NY,Suffolk,0.79
05/13/2020,NY,Sullivan,0.48
05/13/2020,NY,Tompkins,0.48
05/13/2020,NY,Ulster,0.51
05/13/2020,NY,Warren,0.38
05/13/2020,NY,Wayne,0.53
05/13/2020,NY,Westchester,0.74
05/13/2020,NY,Wyoming,0.32
05/13/2020,NY,Yates,0.23
05/13/2020,OH,Adams,0.54
05/13/2020,OH,Allen,0.53
05/13/2020,OH,Ashland,0.57
05/13/2020,OH,Ashtabula,0.58
05/13/2020,OH,Athens,0.64
05/13/2020,OH,Auglaize,0.43
05/13/2020,OH,Belmont,0.48
05/13/2020,OH,Butler,0.65
05/13/2020,OH,Champaign,0.32
05/13/2020,OH,Clark,0.61
05/13/2020,OH,Clermont,0.52
05/13/2020,OH,Clinton,0.38
05/13/2020,OH,Columbiana,0.4
05/13/2020,OH,Coshocton,0.31
05/13/2020,OH,Crawford,0.44
05/13/2020,OH,Cuyahoga,0.67
05/13/2020,OH,Darke,0.3
05/13/2020,OH,Defiance,0.32
05/13/2020,OH,Delaware,0.45
05/13/2020,OH,Erie,0.57
05/13/2020,OH,Fairfield,0.54
05/13/2020,OH,Fayette,0.39
05/13/2020,OH,Franklin,0.71
05/13/2020,OH,Fulton,0.31
05/13/2020,OH,Gallia,0.27
05/13/2020,OH,Geauga,0.41
05/13/2020,OH,Greene,0.57
05/13/2020,OH,Guernsey,0.46
05/13/2020,OH,Hamilton,0.71
05/13/2020,OH,Hancock,0.46
05/13/2020,OH,Hardin,0.14
05/13/2020,OH,Harrison,0.09
05/13/2020,OH,Henry,0.33
05/13/2020,OH,Highland,0.42
05/13/2020,OH,Hocking,0.41
05/13/2020,OH,Holmes,0.3
05/13/2020,OH,Huron,0.35
05/13/2020,OH,Jackson,0.31
05/13/2020,OH,Jefferson,0.5
05/13/2020,OH,Knox,0.52
05/13/2020,OH,Lake,0.61
05/13/2020,OH,Lawrence,0.53
05/13/2020,OH,Licking,0.4
05/13/2020,OH,Logan,0.3
05/13/2020,OH,Lorain,0.56
05/13/2020,OH,Lucas,0.59
05/13/2020,OH,Madison,0.27
05/13/2020,OH,Mahoning,0.67
05/13/2020,OH,Marion,0.39
05/13/2020,OH,Medina,0.51
05/13/2020,OH,Mercer,0.41
05/13/2020,OH,Miami,0.44
05/13/2020,OH,Monroe,0.11
05/13/2020,OH,Montgomery,0.6
05/13/2020,OH,Morrow,0.16
05/13/2020,OH,Muskingum,0.54
05/13/2020,OH,Ottawa,0.12
05/13/2020,OH,Paulding,0.18
05/13/2020,OH,Pickaway,0.18
05/13/2020,OH,Pike,0.28
05/13/2020,OH,Portage,0.41
05/13/2020,OH,Richland,0.58
05/13/2020,OH,Ross,0.59
05/13/2020,OH,Sandusky,0.15
05/13/2020,OH,Scioto,0.6
05/13/2020,OH,Seneca,0.48
05/13/2020,OH,Shelby,0.34
05/13/2020,OH,Stark,0.6
05/13/2020,OH,Summit,0.66
05/13/2020,OH,Trumbull,0.6
05/13/2020,OH,Tuscarawas,0.32
05/13/2020,OH,Union,0.29
05/13/2020,OH,Van Wert,0.63
05/13/2020,OH,Warren,0.44
05/13/2020,OH,Washington,0.6
05/13/2020,OH,Wayne,0.46
05/13/2020,OH,Williams,0.27
05/13/2020,OH,Wood,0.21
05/13/2020,OH,Wyandot,0.47
05/13/2020,OK,Adair,0.49
05/13/2020,OK,Atoka,0.3
05/13/2020,OK,Beaver,0.07
05/13/2020,OK,Beckham,0.54
05/13/2020,OK,Blaine,0.09
05/13/2020,OK,Bryan,0.36
05/13/2020,OK,Caddo,0.6
05/13/2020,OK,Canadian,0.32
05/13/2020,OK,Carter,0.4
05/13/2020,OK,Cherokee,0.48
05/13/2020,OK,Choctaw,0.31
05/13/2020,OK,Cimarron,0.1
05/13/2020,OK,Cleveland,0.63
05/13/2020,OK,Coal,0.21
05/13/2020,OK,Comanche,0.5
05/13/2020,OK,Craig,0.23
05/13/2020,OK,Creek,0.32
05/13/2020,OK,Custer,0.19
05/13/2020,OK,Delaware,0.29
05/13/2020,OK,Dewey,0.24
05/13/2020,OK,Ellis,0.08
05/13/2020,OK,Garfield,0.36
05/13/2020,OK,Garvin,0.21
05/13/2020,OK,Grady,0.19
05/13/2020,OK,Greer,0.24
05/13/2020,OK,Harmon,0.19
05/13/2020,OK,Harper,0.16
05/13/2020,OK,Haskell,0.25
05/13/2020,OK,Hughes,0.29
05/13/2020,OK,Jackson,0.52
05/13/2020,OK,Jefferson,0.11
05/13/2020,OK,Johnston,0.18
05/13/2020,OK,Kay,0.34
05/13/2020,OK,Kingfisher,0.21
05/13/2020,OK,Kiowa,0.16
05/13/2020,OK,Latimer,0.21
05/13/2020,OK,Le Flore,0.39
05/13/2020,OK,Lincoln,0.43
05/13/2020,OK,Logan,0.24
05/13/2020,OK,Love,0.35
05/13/2020,OK,Major,0.08
05/13/2020,OK,Marshall,0.21
05/13/2020,OK,Mayes,0.13
05/13/2020,OK,McClain,0.11
05/13/2020,OK,McCurtain,0.1
05/13/2020,OK,Murray,0.65
05/13/2020,OK,Muskogee,0.5
05/13/2020,OK,Noble,0.19
05/13/2020,OK,Nowata,0.2
05/13/2020,OK,Oklahoma,0.68
05/13/2020,OK,Okmulgee,0.21
05/13/2020,OK,Osage,0.36
05/13/2020,OK,Ottawa,0.16
05/13/2020,OK,Pawnee,0.45
05/13/2020,OK,Payne,0.23
05/13/2020,OK,Pittsburg,0.37
05/13/2020,OK,Pontotoc,0.47
05/13/2020,OK,Pottawatomie,0.63
05/13/2020,OK,Pushmataha,0.25
05/13/2020,OK,Roger Mills,0.15
05/13/2020,OK,Rogers,0.29
05/13/2020,OK,Seminole,0.18
05/13/2020,OK,Sequoyah,0.15
05/13/2020,OK,Stephens,0.47
05/13/2020,OK,Texas,0.17
05/13/2020,OK,Tulsa,0.69
05/13/2020,OK,Wagoner,0.35
05/13/2020,OK,Washington,0.46
05/13/2020,OK,Washita,0.19
05/13/2020,OK,Woods,0.21
05/13/2020,OK,Woodward,0.25
05/13/2020,OR,Baker,0.31
05/13/2020,OR,Benton,0.57
05/13/2020,OR,Clackamas,0.59
05/13/2020,OR,Clatsop,0.5
05/13/2020,OR,Coos,0.49
05/13/2020,OR,Crook,0.46
05/13/2020,OR,Curry,0.31
05/13/2020,OR,Deschutes,0.71
05/13/2020,OR,Douglas,0.51
05/13/2020,OR,Grant,0.41
05/13/2020,OR,Harney,0.25
05/13/2020,OR,Hood River,0.52
05/13/2020,OR,Jackson,0.61
05/13/2020,OR,Jefferson,0.31
05/13/2020,OR,Josephine,0.59
05/13/2020,OR,Klamath,0.48
05/13/2020,OR,Lake,0.3
05/13/2020,OR,Lane,0.8
05/13/2020,OR,Lincoln,0.4
05/13/2020,OR,Linn,0.45
05/13/2020,OR,Malheur,0.34
05/13/2020,OR,Marion,0.8
05/13/2020,OR,Morrow,0.28
05/13/2020,OR,Multnomah,0.74
05/13/2020,OR,Polk,0.24
05/13/2020,OR,Tillamook,0.52
05/13/2020,OR,Umatilla,0.68
05/13/2020,OR,Union,0.5
05/13/2020,OR,Wallowa,0.29
05/13/2020,OR,Wasco,0.4
05/13/2020,OR,Washington,0.59
05/13/2020,OR,Yamhill,0.61
05/13/2020,PA,Adams,0.61
05/13/2020,PA,Allegheny,0.63
05/13/2020,PA,Armstrong,0.32
05/13/2020,PA,Beaver,0.58
05/13/2020,PA,Bedford,0.26
05/13/2020,PA,Berks,0.72
05/13/2020,PA,Blair,0.66
05/13/2020,PA,Bradford,0.66
05/13/2020,PA,Bucks,0.58
05/13/2020,PA,Butler,0.56
05/13/2020,PA,Cambria,0.58
05/13/2020,PA,Carbon,0.5
05/13/2020,PA,Centre,0.62
05/13/2020,PA,Chester,0.6
05/13/2020,PA,Clarion,0.62
05/13/2020,PA,Clearfield,0.55
05/13/2020,PA,Clinton,0.15
05/13/2020,PA,Columbia,0.13
05/13/2020,PA,Crawford,0.44
05/13/2020,PA,Cumberland,0.74
05/13/2020,PA,Dauphin,0.81
05/13/2020,PA,Delaware,0.57
05/13/2020,PA,Elk,0.64
05/13/2020,PA,Erie,0.56
05/13/2020,PA,Fayette,0.51
05/13/2020,PA,Franklin,0.5
05/13/2020,PA,Fulton,0.33
05/13/2020,PA,Greene,0.35
05/13/2020,PA,Huntingdon,0.3
05/13/2020,PA,Indiana,0.42
05/13/2020,PA,Jefferson,0.39
05/13/2020,PA,Lackawanna,0.64
05/13/2020,PA,Lancaster,0.61
05/13/2020,PA,Lawrence,0.38
05/13/2020,PA,Lebanon,0.72
05/13/2020,PA,Lehigh,0.66
05/13/2020,PA,Luzerne,0.62
05/13/2020,PA,Lycoming,0.55
05/13/2020,PA,McKean,0.31
05/13/2020,PA,Mercer,0.34
05/13/2020,PA,Mifflin,0.33
05/13/2020,PA,Monroe,0.57
05/13/2020,PA,Montgomery,0.66
05/13/2020,PA,Montour,0.75
05/13/2020,PA,Northampton,0.64
05/13/2020,PA,Northumberland,0.75
05/13/2020,PA,Philadelphia,0.73
05/13/2020,PA,Potter,0.58
05/13/2020,PA,Schuylkill,0.72
05/13/2020,PA,Somerset,0.21
05/13/2020,PA,Susquehanna,0.3
05/13/2020,PA,Tioga,0.65
05/13/2020,PA,Union,0.4
05/13/2020,PA,Venango,0.45
05/13/2020,PA,Warren,0.7
05/13/2020,PA,Washington,0.41
05/13/2020,PA,Wayne,0.4
05/13/2020,PA,Westmoreland,0.67
05/13/2020,PA,Wyoming,0.06
05/13/2020,PA,York,0.71
05/13/2020,PR,Aguadilla,0.69
05/13/2020,PR,Aibonito,0.46
05/13/2020,PR,Arecibo,0.63
05/13/2020,PR,Bayamón,0.55
05/13/2020,PR,Cabo Rojo,0.39
05/13/2020,PR,Caguas,0.59
05/13/2020,PR,Carolina,0.55
05/13/2020,PR,Cayey,0.65
05/13/2020,PR,Cidra,0.82
05/13/2020,PR,Fajardo,0.38
05/13/2020,PR,Guayama,0.63
05/13/2020,PR,Guaynabo,0.14
05/13/2020,PR,Humacao,0.37
05/13/2020,PR,Manatí,0.73
05/13/2020,PR,Mayagüez,0.58
05/13/2020,PR,Moca,0.49
05/13/2020,PR,Ponce,0.65
05/13/2020,PR,San Germán,0.58
05/13/2020,PR,San Juan,0.6
05/13/2020,PR,Utuado,0.44
05/13/2020,PR,Vega Baja,0.26
05/13/2020,PR,Yauco,0.49
05/13/2020,RI,Kent,0.52
05/13/2020,RI,Newport,0.44
05/13/2020,RI,Providence,0.61
05/13/2020,RI,Washington,0.53
05/13/2020,SC,Abbeville,0.32
05/13/2020,SC,Aiken,0.61
05/13/2020,SC,Allendale,0.17
05/13/2020,SC,Anderson,0.72
05/13/2020,SC,Beaufort,0.6
05/13/2020,SC,Charleston,0.64
05/13/2020,SC,Cherokee,0.41
05/13/2020,SC,Chester,0.2
05/13/2020,SC,Chesterfield,0.55
05/13/2020,SC,Clarendon,0.47
05/13/2020,SC,Colleton,0.38
05/13/2020,SC,Darlington,0.38
05/13/2020,SC,Dillon,0.29
05/13/2020,SC,Edgefield,0.51
05/13/2020,SC,Fairfield,0.0
05/13/2020,SC,Florence,0.6
05/13/2020,SC,Georgetown,0.44
05/13/2020,SC,Greenville,0.72
05/13/2020,SC,Greenwood,0.51
05/13/2020,SC,Hampton,0.21
05/13/2020,SC,Horry,0.71
05/13/2020,SC,Jasper,0.69
05/13/2020,SC,Kershaw,0.39
05/13/2020,SC,Lancaster,0.42
05/13/2020,SC,Laurens,0.49
05/13/2020,SC,Lexington,0.79
05/13/2020,SC,Marion,0.23
05/13/2020,SC,Newberry,0.39
05/13/2020,SC,Oconee,0.47
05/13/2020,SC,Orangeburg,0.51
05/13/2020,SC,Pickens,0.3
05/13/2020,SC,Richland,0.68
05/13/2020,SC,Spartanburg,0.75
05/13/2020,SC,Sumter,0.75
05/13/2020,SC,Union,0.13
05/13/2020,SC,Williamsburg,0.4
05/13/2020,SC,York,0.74
05/13/2020,SD,Beadle,0.63
05/13/2020,SD,Bennett,0.22
05/13/2020,SD,Bon Homme,0.12
05/13/2020,SD,Brookings,0.26
05/13/2020,SD,Brown,0.47
05/13/2020,SD,Brule,0.19
05/13/2020,SD,Charles Mix,0.14
05/13/2020,SD,Clay,0.29
05/13/2020,SD,Codington,0.3
05/13/2020,SD,Custer,0.32
05/13/2020,SD,Davison,0.39
05/13/2020,SD,Day,0.1
05/13/2020,SD,Deuel,0.25
05/13/2020,SD,Douglas,0.2
05/13/2020,SD,Edmunds,0.2
05/13/2020,SD,Fall River,0.28
05/13/2020,SD,Faulk,0.24
05/13/2020,SD,Gregory,0.24
05/13/2020,SD,Haakon,0.62
05/13/2020,SD,Hand,0.11
05/13/2020,SD,Hughes,0.27
05/13/2020,SD,Hutchinson,0.18
05/13/2020,SD,Jerauld,0.11
05/13/2020,SD,Kingsbury,0.1
05/13/2020,SD,Lake,0.44
05/13/2020,SD,Lawrence,0.41
05/13/2020,SD,Lincoln,0.41
05/13/2020,SD,Marshall,0.11
05/13/2020,SD,Meade,0.54
05/13/2020,SD,Minnehaha,0.67
05/13/2020,SD,Moody,0.07
05/13/2020,SD,Pennington,0.56
05/13/2020,SD,Potter,0.28
05/13/2020,SD,Roberts,0.21
05/13/2020,SD,Shannon,0.26
05/13/2020,SD,Spink,0.17
05/13/2020,SD,Todd,0.1
05/13/2020,SD,Tripp,0.34
05/13/2020,SD,Turner,0.13
05/13/2020,SD,Union,0.22
05/13/2020,SD,Walworth,0.27
05/13/2020,SD,Yankton,0.35
05/13/2020,TN,Anderson,0.61
05/13/2020,TN,Bedford,0.2
05/13/2020,TN,Benton,0.14
05/13/2020,TN,Bledsoe,0.22
05/13/2020,TN,Blount,0.71
05/13/2020,TN,Bradley,0.57
05/13/2020,TN,Campbell,0.33
05/13/2020,TN,Cannon,0.21
05/13/2020,TN,Carroll,0.25
05/13/2020,TN,Carter,0.29
05/13/2020,TN,Cheatham,0.48
05/13/2020,TN,Claiborne,0.3
05/13/2020,TN,Clay,0.29
05/13/2020,TN,Cocke,0.56
05/13/2020,TN,Coffee,0.38
05/13/2020,TN,Cumberland,0.72
05/13/2020,TN,Davidson,0.79
05/13/2020,TN,DeKalb,0.07
05/13/2020,TN,Decatur,0.05
05/13/2020,TN,Dickson,0.6
05/13/2020,TN,Dyer,0.42
05/13/2020,TN,Fentress,0.14
05/13/2020,TN,Franklin,0.24
05/13/2020,TN,Gibson,0.1
05/13/2020,TN,Giles,0.2
05/13/2020,TN,Greene,0.25
05/13/2020,TN,Hamblen,0.35
05/13/2020,TN,Hamilton,0.76
05/13/2020,TN,Hardeman,0.05
05/13/2020,TN,Hardin,0.27
05/13/2020,TN,Hawkins,0.25
05/13/2020,TN,Henderson,0.07
05/13/2020,TN,Henry,0.45
05/13/2020,TN,Hickman,0.06
05/13/2020,TN,Houston,0.19
05/13/2020,TN,Humphreys,0.24
05/13/2020,TN,Jefferson,0.28
05/13/2020,TN,Johnson,0.08
05/13/2020,TN,Knox,0.72
05/13/2020,TN,Lauderdale,0.19
05/13/2020,TN,Lawrence,0.21
05/13/2020,TN,Lincoln,0.2
05/13/2020,TN,Loudon,0.87
05/13/2020,TN,Macon,0.42
05/13/2020,TN,Madison,0.54
05/13/2020,TN,Marshall,0.07
05/13/2020,TN,Maury,0.55
05/13/2020,TN,McMinn,0.28
05/13/2020,TN,Monroe,0.45
05/13/2020,TN,Montgomery,0.45
05/13/2020,TN,Obion,0.3
05/13/2020,TN,Overton,0.21
05/13/2020,TN,Perry,0.21
05/13/2020,TN,Putnam,0.75
05/13/2020,TN,Rhea,0.31
05/13/2020,TN,Roane,0.53
05/13/2020,TN,Robertson,0.27
05/13/2020,TN,Rutherford,0.7
05/13/2020,TN,Scott,0.18
05/13/2020,TN,Sevier,0.75
05/13/2020,TN,Shelby,0.68
05/13/2020,TN,Smith,0.35
05/13/2020,TN,Sullivan,0.66
05/13/2020,TN,Sumner,0.56
05/13/2020,TN,Tipton,0.15
05/13/2020,TN,Trousdale,0.14
05/13/2020,TN,Warren,0.14
05/13/2020,TN,Washington,0.71
05/13/2020,TN,Wayne,0.25
05/13/2020,TN,Weakley,0.43
05/13/2020,TN,White,0.11
05/13/2020,TN,Williamson,0.52
05/13/2020,TN,Wilson,0.26
05/13/2020,TX,Anderson,0.45
05/13/2020,TX,Andrews,0.18
05/13/2020,TX,Angelina,0.5
05/13/2020,TX,Atascosa,0.21
05/13/2020,TX,Austin,0.07
05/13/2020,TX,Bailey,0.09
05/13/2020,TX,Bastrop,0.19
05/13/2020,TX,Baylor,0.19
05/13/2020,TX,Bee,0.35
05/13/2020,TX,Bell,0.64
05/13/2020,TX,Bexar,0.65
05/13/2020,TX,Bosque,0.33
05/13/2020,TX,Bowie,0.51
05/13/2020,TX,Brazoria,0.43
05/13/2020,TX,Brazos,0.64
05/13/2020,TX,Brewster,0.35
05/13/2020,TX,Brown,0.39
05/13/2020,TX,Burleson,0.36
05/13/2020,TX,Burnet,0.41
05/13/2020,TX,Caldwell,0.64
05/13/2020,TX,Calhoun,0.4
05/13/2020,TX,Cameron,0.58
05/13/2020,TX,Camp,0.32
05/13/2020,TX,Castro,0.16
05/13/2020,TX,Chambers,0.09
05/13/2020,TX,Cherokee,0.76
05/13/2020,TX,Childress,0.19
05/13/2020,TX,Clay,0.06
05/13/2020,TX,Cochran,0.0
05/13/2020,TX,Coleman,0.32
05/13/2020,TX,Collin,0.69
05/13/2020,TX,Collingsworth,0.19
05/13/2020,TX,Colorado,0.18
05/13/2020,TX,Comal,0.55
05/13/2020,TX,Comanche,0.29
05/13/2020,TX,Concho,0.06
05/13/2020,TX,Cooke,0.38
05/13/2020,TX,Coryell,0.31
05/13/2020,TX,Crane,0.07
05/13/2020,TX,Crosby,0.07
05/13/2020,TX,Culberson,0.2
05/13/2020,TX,Dallas,0.66
05/13/2020,TX,Dawson,0.13
05/13/2020,TX,DeWitt,0.22
05/13/2020,TX,Deaf Smith,0.12
05/13/2020,TX,Denton,0.58
05/13/2020,TX,Dimmit,0.21
05/13/2020,TX,Eastland,0.24
05/13/2020,TX,Ector,0.55
05/13/2020,TX,El Paso,0.62
05/13/2020,TX,Ellis,0.49
05/13/2020,TX,Erath,0.3
05/13/2020,TX,Falls,0.09
05/13/2020,TX,Fannin,0.49
05/13/2020,TX,Fayette,0.26
05/13/2020,TX,Fisher,0.11
05/13/2020,TX,Floyd,0.16
05/13/2020,TX,Fort Bend,0.6
05/13/2020,TX,Freestone,0.12
05/13/2020,TX,Frio,0.22
05/13/2020,TX,Gaines,0.45
05/13/2020,TX,Galveston,0.68
05/13/2020,TX,Gillespie,0.36
05/13/2020,TX,Gonzales,0.18
05/13/2020,TX,Gray,0.13
05/13/2020,TX,Grayson,0.57
05/13/2020,TX,Gregg,0.5
05/13/2020,TX,Grimes,0.32
05/13/2020,TX,Guadalupe,0.32
05/13/2020,TX,Hale,0.4
05/13/2020,TX,Hamilton,0.2
05/13/2020,TX,Hansford,0.17
05/13/2020,TX,Hardeman,0.06
05/13/2020,TX,Harris,0.68
05/13/2020,TX,Harrison,0.55
05/13/2020,TX,Hartley,0.24
05/13/2020,TX,Haskell,0.09
05/13/2020,TX,Hays,0.47
05/13/2020,TX,Hemphill,0.08
05/13/2020,TX,Henderson,0.39
05/13/2020,TX,Hidalgo,0.55
05/13/2020,TX,Hill,0.24
05/13/2020,TX,Hockley,0.14
05/13/2020,TX,Hood,0.67
05/13/2020,TX,Hopkins,0.49
05/13/2020,TX,Howard,0.7
05/13/2020,TX,Hunt,0.66
05/13/2020,TX,Hutchinson,0.29
05/13/2020,TX,Jack,0.21
05/13/2020,TX,Jackson,0.11
05/13/2020,TX,Jasper,0.15
05/13/2020,TX,Jefferson,0.5
05/13/2020,TX,Jim Wells,0.29
05/13/2020,TX,Johnson,0.28
05/13/2020,TX,Jones,0.29
05/13/2020,TX,Karnes,0.16
05/13/2020,TX,Kaufman,0.8
05/13/2020,TX,Kerr,0.8
05/13/2020,TX,Kimble,0.09
05/13/2020,TX,Kleberg,0.55
05/13/2020,TX,Knox,0.04
05/13/2020,TX,Lamar,0.25
05/13/2020,TX,Lamb,0.11
05/13/2020,TX,Lampasas,0.31
05/13/2020,TX,Lavaca,0.24
05/13/2020,TX,Liberty,0.05
05/13/2020,TX,Limestone,0.14
05/13/2020,TX,Llano,0.05
05/13/2020,TX,Lubbock,0.6
05/13/2020,TX,Lynn,0.2
05/13/2020,TX,Madison,0.59
05/13/2020,TX,Martin,0.25
05/13/2020,TX,Matagorda,0.28
05/13/2020,TX,Maverick,0.5
05/13/2020,TX,McCulloch,0.22
05/13/2020,TX,McLennan,0.71
05/13/2020,TX,Medina,0.35
05/13/2020,TX,Midland,0.63
05/13/2020,TX,Mitchell,0.32
05/13/2020,TX,Montague,0.23
05/13/2020,TX,Montgomery,0.55
05/13/2020,TX,Moore,0.52
05/13/2020,TX,Nacogdoches,0.3
05/13/2020,TX,Navarro,0.38
05/13/2020,TX,Nolan,0.31
05/13/2020,TX,Nueces,0.7
05/13/2020,TX,Ochiltree,0.27
05/13/2020,TX,Palo Pinto,0.31
05/13/2020,TX,Panola,0.13
05/13/2020,TX,Parker,0.64
05/13/2020,TX,Parmer,0.11
05/13/2020,TX,Pecos,0.19
05/13/2020,TX,Polk,0.36
05/13/2020,TX,Potter,0.59
05/13/2020,TX,Reagan,0.07
05/13/2020,TX,Reeves,0.34
05/13/2020,TX,Refugio,0.08
05/13/2020,TX,Rockwall,0.65
05/13/2020,TX,Runnels,0.15
05/13/2020,TX,Rusk,0.3
05/13/2020,TX,Sabine,0.14
05/13/2020,TX,San Augustine,0.19
05/13/2020,TX,Scurry,0.29
05/13/2020,TX,Smith,0.73
05/13/2020,TX,Somervell,0.14
05/13/2020,TX,Starr,0.19
05/13/2020,TX,Stephens,0.2
05/13/2020,TX,Stonewall,0.14
05/13/2020,TX,Sutton,0.1
05/13/2020,TX,Swisher,0.21
05/13/2020,TX,Tarrant,0.68
05/13/2020,TX,Taylor,0.52
05/13/2020,TX,Terry,0.18
05/13/2020,TX,Throckmorton,0.07
05/13/2020,TX,Titus,0.62
05/13/2020,TX,Tom Green,0.48
05/13/2020,TX,Travis,0.73
05/13/2020,TX,Tyler,0.09
05/13/2020,TX,Upton,0.1
05/13/2020,TX,Uvalde,0.66
05/13/2020,TX,Val Verde,0.45
05/13/2020,TX,Victoria,0.42
05/13/2020,TX,Walker,0.61
05/13/2020,TX,Ward,0.27
05/13/2020,TX,Washington,0.22
05/13/2020,TX,Webb,0.68
05/13/2020,TX,Wharton,0.28
05/13/2020,TX,Wheeler,0.07
05/13/2020,TX,Wichita,0.7
05/13/2020,TX,Wilbarger,0.19
05/13/2020,TX,Williamson,0.67
05/13/2020,TX,Wilson,0.2
05/13/2020,TX,Winkler,0.12
05/13/2020,TX,Wise,0.68
05/13/2020,TX,Wood,0.32
05/13/2020,TX,Yoakum,0.18
05/13/2020,TX,Young,0.28
05/13/2020,UT,Beaver,0.66
05/13/2020,UT,Box Elder,0.17
05/13/2020,UT,Cache,0.32
05/13/2020,UT,Carbon,0.33
05/13/2020,UT,Davis,0.38
05/13/2020,UT,Duchesne,0.28
05/13/2020,UT,Garfield,0.2
05/13/2020,UT,Iron,0.37
05/13/2020,UT,Juab,0.45
05/13/2020,UT,Kane,0.54
05/13/2020,UT,Millard,0.39
05/13/2020,UT,Salt Lake,0.6
05/13/2020,UT,San Juan,0.2
05/13/2020,UT,Sanpete,0.31
05/13/2020,UT,Sevier,0.25
05/13/2020,UT,Summit,0.31
05/13/2020,UT,Tooele,0.33
05/13/2020,UT,Uintah,0.25
05/13/2020,UT,Utah,0.65
05/13/2020,UT,Wasatch,0.28
05/13/2020,UT,Washington,0.62
05/13/2020,UT,Weber,0.55
05/13/2020,VA,Albemarle,0.7
05/13/2020,VA,Alleghany,0.16
05/13/2020,VA,Arlington,0.87
05/13/2020,VA,Augusta,0.61
05/13/2020,VA,Bath,0.37
05/13/2020,VA,Bedford,0.41
05/13/2020,VA,Bristol,0.85
05/13/2020,VA,Buchanan,0.29
05/13/2020,VA,Charlottesville,0.75
05/13/2020,VA,Chesapeake,0.68
05/13/2020,VA,Chesterfield,0.67
05/13/2020,VA,Culpeper,0.47
05/13/2020,VA,Danville,0.58
05/13/2020,VA,Dickenson,0.06
05/13/2020,VA,Dinwiddie,0.17
05/13/2020,VA,Emporia,0.11
05/13/2020,VA,Essex,0.22
05/13/2020,VA,Fairfax,0.72
05/13/2020,VA,Fauquier,0.5
05/13/2020,VA,Franklin,0.14
05/13/2020,VA,Frederick,0.75
05/13/2020,VA,Fredericksburg,0.72
05/13/2020,VA,Galax,0.19
05/13/2020,VA,Giles,0.52
05/13/2020,VA,Gloucester,0.42
05/13/2020,VA,Halifax,0.39
05/13/2020,VA,Hampton,0.66
05/13/2020,VA,Hanover,0.75
05/13/2020,VA,Henrico,0.52
05/13/2020,VA,Hopewell,0.36
05/13/2020,VA,James City,0.74
05/13/2020,VA,Lancaster,0.48
05/13/2020,VA,Lexington,0.51
05/13/2020,VA,Loudoun,0.52
05/13/2020,VA,Lynchburg,0.73
05/13/2020,VA,Manassas,0.65
05/13/2020,VA,Mecklenburg,0.6
05/13/2020,VA,Montgomery,0.56
05/13/2020,VA,Newport News,0.72
05/13/2020,VA,Norfolk,0.78
05/13/2020,VA,Northampton,0.52
05/13/2020,VA,Norton,0.34
05/13/2020,VA,Nottoway,0.58
05/13/2020,VA,Page,0.4
05/13/2020,VA,Portsmouth,0.62
05/13/2020,VA,Prince Edward,0.47
05/13/2020,VA,Prince George,0.54
05/13/2020,VA,Prince William,0.71
05/13/2020,VA,Pulaski,0.18
05/13/2020,VA,Richmond,0.86
05/13/2020,VA,Roanoke,0.76
05/13/2020,VA,Rockingham,0.62
05/13/2020,VA,Russell,0.15
05/13/2020,VA,Salem,0.67
05/13/2020,VA,Shenandoah,0.55
05/13/2020,VA,Smyth,0.65
05/13/2020,VA,Spotsylvania,0.56
05/13/2020,VA,Stafford,0.51
05/13/2020,VA,Suffolk,0.72
05/13/2020,VA,Tazewell,0.18
05/13/2020,VA,Virginia Beach,0.83
05/13/2020,VA,Warren,0.37
05/13/2020,VA,Washington,0.66
05/13/2020,VA,Williamsburg,0.33
05/13/2020,VA,Wise,0.2
05/13/2020,VA,Wythe,0.19
05/13/2020,VT,Bennington,0.4
05/13/2020,VT,Caledonia,0.65
05/13/2020,VT,Chittenden,0.76
05/13/2020,VT,Franklin,0.4
05/13/2020,VT,Lamoille,0.57
05/13/2020,VT,Orange,0.53
05/13/2020,VT,Orleans,0.7
05/13/2020,VT,Rutland,0.73
05/13/2020,VT,Washington,0.73
05/13/2020,VT,Windham,0.71
05/13/2020,VT,Windsor,0.72
05/13/2020,WA,Adams,0.33
05/13/2020,WA,Asotin,0.48
05/13/2020,WA,Benton,0.69
05/13/2020,WA,Chelan,0.69
05/13/2020,WA,Clallam,0.52
05/13/2020,WA,Clark,0.66
05/13/2020,WA,Columbia,0.73
05/13/2020,WA,Cowlitz,0.53
05/13/2020,WA,Ferry,0.63
05/13/2020,WA,Franklin,0.7
05/13/2020,WA,Garfield,0.65
05/13/2020,WA,Grant,0.49
05/13/2020,WA,Grays Harbor,0.74
05/13/2020,WA,Island,0.65
05/13/2020,WA,Jefferson,0.51
05/13/2020,WA,King,0.74
05/13/2020,WA,Kitsap,0.58
05/13/2020,WA,Kittitas,0.31
05/13/2020,WA,Klickitat,0.3
05/13/2020,WA,Lewis,0.46
05/13/2020,WA,Lincoln,0.72
05/13/2020,WA,Mason,0.52
05/13/2020,WA,Okanogan,0.21
05/13/2020,WA,Pacific,0.18
05/13/2020,WA,Pend Oreille,0.27
05/13/2020,WA,Pierce,0.8
05/13/2020,WA,San Juan,0.06
05/13/2020,WA,Skagit,0.65
05/13/2020,WA,Snohomish,0.74
05/13/2020,WA,Spokane,0.65
05/13/2020,WA,Stevens,0.47
05/13/2020,WA,Thurston,0.77
05/13/2020,WA,Walla Walla,0.5
05/13/2020,WA,Whatcom,0.8
05/13/2020,WA,Whitman,0.39
05/13/2020,WA,Yakima,0.57
05/13/2020,WI,Adams,0.07
05/13/2020,WI,Ashland,0.47
05/13/2020,WI,Barron,0.4
05/13/2020,WI,Brown,0.56
05/13/2020,WI,Burnett,0.11
05/13/2020,WI,Calumet,0.12
05/13/2020,WI,Chippewa,0.37
05/13/2020,WI,Clark,0.11
05/13/2020,WI,Columbia,0.34
05/13/2020,WI,Crawford,0.4
05/13/2020,WI,Dane,0.73
05/13/2020,WI,Dodge,0.15
05/13/2020,WI,Door,0.45
05/13/2020,WI,Douglas,0.3
05/13/2020,WI,Dunn,0.44
05/13/2020,WI,Eau Claire,0.6
05/13/2020,WI,Fond du Lac,0.5
05/13/2020,WI,Grant,0.2
05/13/2020,WI,Green,0.45
05/13/2020,WI,Green Lake,0.41
05/13/2020,WI,Iowa,0.36
05/13/2020,WI,Jackson,0.24
05/13/2020,WI,Jefferson,0.3
05/13/2020,WI,Juneau,0.19
05/13/2020,WI,Kenosha,0.57
05/13/2020,WI,La Crosse,0.61
05/13/2020,WI,Lafayette,0.11
05/13/2020,WI,Langlade,0.49
05/13/2020,WI,Lincoln,0.11
05/13/2020,WI,Manitowoc,0.31
05/13/2020,WI,Marathon,0.71
05/13/2020,WI,Marinette,0.51
05/13/2020,WI,Milwaukee,0.65
05/13/2020,WI,Monroe,0.38
05/13/2020,WI,Oconto,0.19
05/13/2020,WI,Oneida,0.43
05/13/2020,WI,Outagamie,0.49
05/13/2020,WI,Ozaukee,0.58
05/13/2020,WI,Pepin,0.14
05/13/2020,WI,Polk,0.35
05/13/2020,WI,Portage,0.38
05/13/2020,WI,Price,0.15
05/13/2020,WI,Racine,0.59
05/13/2020,WI,Richland,0.44
05/13/2020,WI,Rock,0.44
05/13/2020,WI,Rusk,0.15
05/13/2020,WI,Sauk,0.34
05/13/2020,WI,Sawyer,0.33
05/13/2020,WI,Shawano,0.53
05/13/2020,WI,Sheboygan,0.38
05/13/2020,WI,St. Croix,0.29
05/13/2020,WI,Taylor,0.28
05/13/2020,WI,Trempealeau,0.4
05/13/2020,WI,Vernon,0.25
05/13/2020,WI,Vilas,0.29
05/13/2020,WI,Walworth,0.45
05/13/2020,WI,Washburn,0.22
05/13/2020,WI,Washington,0.51
05/13/2020,WI,Waukesha,0.57
05/13/2020,WI,Waupaca,0.36
05/13/2020,WI,Waushara,0.2
05/13/2020,WI,Winnebago,0.49
05/13/2020,WI,Wood,0.76
05/13/2020,WV,Barbour,0.45
05/13/2020,WV,Berkeley,0.66
05/13/2020,WV,Boone,0.44
05/13/2020,WV,Braxton,0.08
05/13/2020,WV,Brooke,0.44
05/13/2020,WV,Cabell,0.77
05/13/2020,WV,Calhoun,0.16
05/13/2020,WV,Fayette,0.46
05/13/2020,WV,Grant,0.63
05/13/2020,WV,Greenbrier,0.37
05/13/2020,WV,Harrison,0.66
05/13/2020,WV,Jackson,0.31
05/13/2020,WV,Jefferson,0.45
05/13/2020,WV,Kanawha,0.64
05/13/2020,WV,Lewis,0.7
05/13/2020,WV,Logan,0.47
05/13/2020,WV,Marion,0.29
05/13/2020,WV,Marshall,0.29
05/13/2020,WV,Mason,0.17
05/13/2020,WV,McDowell,0.12
05/13/2020,WV,Mercer,0.64
05/13/2020,WV,Mineral,0.24
05/13/2020,WV,Mingo,0.15
05/13/2020,WV,Monongalia,0.77
05/13/2020,WV,Morgan,0.34
05/13/2020,WV,Nicholas,0.5
05/13/2020,WV,Ohio,0.45
05/13/2020,WV,Pocahontas,0.16
05/13/2020,WV,Preston,0.36
05/13/2020,WV,Raleigh,0.48
05/13/2020,WV,Randolph,0.29
05/13/2020,WV,Roane,0.31
05/13/2020,WV,Summers,0.3
05/13/2020,WV,Taylor,0.3
05/13/2020,WV,Tyler,0.03
05/13/2020,WV,Upshur,0.41
05/13/2020,WV,Webster,0.06
05/13/2020,WV,Wood,0.64
05/13/2020,WY,Albany,0.22
05/13/2020,WY,Big Horn,0.42
05/13/2020,WY,Campbell,0.27
05/13/2020,WY,Carbon,0.2
05/13/2020,WY,Converse,0.31
05/13/2020,WY,Crook,0.15
05/13/2020,WY,Fremont,0.14
05/13/2020,WY,Goshen,0.2
05/13/2020,WY,Hot Springs,0.14
05/13/2020,WY,Johnson,0.28
05/13/2020,WY,Laramie,0.54
05/13/2020,WY,Lincoln,0.25
05/13/2020,WY,Natrona,0.55
05/13/2020,WY,Niobrara,0.81
05/13/2020,WY,Park,0.38
05/13/2020,WY,Platte,0.17
05/13/2020,WY,Sheridan,0.37
05/13/2020,WY,Sweetwater,0.25
05/13/2020,WY,Teton,0.36
05/13/2020,WY,Uinta,0.58
05/13/2020,WY,Washakie,0.29
05/13/2020,WY,Weston,0.6
