DateRecorded,State,CountyName,ICUBedOccupancyRate
05/11/2020,AK,Anchorage,0.71
05/11/2020,AK,Fairbanks North Star,0.66
05/11/2020,AK,Juneau,0.32
05/11/2020,AK,Kenai Peninsula,0.69
05/11/2020,AK,Ketchikan Gateway,0.31
05/11/2020,AK,Matanuska-Susitna,0.33
05/11/2020,AL,Autauga,0.53
05/11/2020,AL,Baldwin,0.65
05/11/2020,AL,Barbour,0.42
05/11/2020,AL,Blount,0.34
05/11/2020,AL,Butler,0.38
05/11/2020,AL,Calhoun,0.94
05/11/2020,AL,Chilton,0.09
05/11/2020,AL,Clay,0.41
05/11/2020,AL,Coffee,0.34
05/11/2020,AL,Colbert,0.33
05/11/2020,AL,Covington,0.68
05/11/2020,AL,Cullman,0.69
05/11/2020,AL,Dale,0.24
05/11/2020,AL,Dallas,0.7
05/11/2020,AL,DeKalb,0.46
05/11/2020,AL,Elmore,0.2
05/11/2020,AL,Escambia,0.39
05/11/2020,AL,Etowah,0.86
05/11/2020,AL,Fayette,0.04
05/11/2020,AL,Franklin,0.48
05/11/2020,AL,Geneva,0.22
05/11/2020,AL,Houston,0.86
05/11/2020,AL,Jackson,0.55
05/11/2020,AL,Jefferson,0.75
05/11/2020,AL,Lauderdale,0.43
05/11/2020,AL,Lawrence,0.02
05/11/2020,AL,Lee,0.47
05/11/2020,AL,Limestone,0.23
05/11/2020,AL,Madison,0.79
05/11/2020,AL,Marengo,0.51
05/11/2020,AL,Marion,0.0
05/11/2020,AL,Marshall,0.72
05/11/2020,AL,Mobile,0.82
05/11/2020,AL,Monroe,0.34
05/11/2020,AL,Montgomery,0.7
05/11/2020,AL,Morgan,0.72
05/11/2020,AL,Pickens,0.0
05/11/2020,AL,Pike,0.3
05/11/2020,AL,Shelby,0.67
05/11/2020,AL,St. Clair,0.64
05/11/2020,AL,Talladega,0.6
05/11/2020,AL,Tallapoosa,0.83
05/11/2020,AL,Tuscaloosa,0.95
05/11/2020,AL,Walker,0.67
05/11/2020,AL,Winston,0.04
05/11/2020,AR,Ashley,0.21
05/11/2020,AR,Baxter,0.77
05/11/2020,AR,Benton,0.67
05/11/2020,AR,Boone,0.21
05/11/2020,AR,Columbia,0.15
05/11/2020,AR,Craighead,0.71
05/11/2020,AR,Crawford,0.07
05/11/2020,AR,Drew,0.37
05/11/2020,AR,Faulkner,0.72
05/11/2020,AR,Garland,0.85
05/11/2020,AR,Greene,0.7
05/11/2020,AR,Hempstead,0.27
05/11/2020,AR,Hot Spring,0.42
05/11/2020,AR,Independence,0.56
05/11/2020,AR,Jefferson,0.4
05/11/2020,AR,Johnson,0.21
05/11/2020,AR,Mississippi,0.16
05/11/2020,AR,Ouachita,0.31
05/11/2020,AR,Phillips,0.52
05/11/2020,AR,Polk,0.51
05/11/2020,AR,Pulaski,0.78
05/11/2020,AR,Randolph,0.04
05/11/2020,AR,Saline,0.54
05/11/2020,AR,Sebastian,0.23
05/11/2020,AR,St. Francis,0.07
05/11/2020,AR,Union,0.5
05/11/2020,AR,Washington,0.49
05/11/2020,AR,White,0.7
05/11/2020,AZ,Cochise,0.29
05/11/2020,AZ,Coconino,0.49
05/11/2020,AZ,Gila,0.33
05/11/2020,AZ,La Paz,0.48
05/11/2020,AZ,Maricopa,0.58
05/11/2020,AZ,Mohave,0.45
05/11/2020,AZ,Navajo,0.69
05/11/2020,AZ,Pima,0.52
05/11/2020,AZ,Pinal,0.5
05/11/2020,AZ,Yavapai,0.39
05/11/2020,AZ,Yuma,0.4
05/11/2020,CA,Alameda,0.54
05/11/2020,CA,Amador,0.64
05/11/2020,CA,Butte,0.56
05/11/2020,CA,Colusa,0.34
05/11/2020,CA,Contra Costa,0.6
05/11/2020,CA,Del Norte,0.51
05/11/2020,CA,El Dorado,0.36
05/11/2020,CA,Fresno,0.76
05/11/2020,CA,Humboldt,0.62
05/11/2020,CA,Imperial,0.35
05/11/2020,CA,Inyo,0.12
05/11/2020,CA,Kern,0.53
05/11/2020,CA,Kings,0.34
05/11/2020,CA,Lake,0.66
05/11/2020,CA,Los Angeles,0.62
05/11/2020,CA,Madera,0.52
05/11/2020,CA,Marin,0.83
05/11/2020,CA,Mendocino,0.56
05/11/2020,CA,Merced,0.53
05/11/2020,CA,Mono,0.15
05/11/2020,CA,Monterey,0.5
05/11/2020,CA,Napa,0.32
05/11/2020,CA,Nevada,0.53
05/11/2020,CA,Orange,0.54
05/11/2020,CA,Placer,0.73
05/11/2020,CA,Riverside,0.59
05/11/2020,CA,Sacramento,0.62
05/11/2020,CA,San Benito,0.33
05/11/2020,CA,San Bernardino,0.66
05/11/2020,CA,San Diego,0.57
05/11/2020,CA,San Francisco,0.59
05/11/2020,CA,San Joaquin,0.64
05/11/2020,CA,San Luis Obispo,0.32
05/11/2020,CA,San Mateo,0.41
05/11/2020,CA,Santa Barbara,0.62
05/11/2020,CA,Santa Clara,0.57
05/11/2020,CA,Santa Cruz,0.83
05/11/2020,CA,Shasta,0.31
05/11/2020,CA,Siskiyou,0.42
05/11/2020,CA,Solano,0.44
05/11/2020,CA,Sonoma,0.56
05/11/2020,CA,Stanislaus,0.67
05/11/2020,CA,Tehama,0.49
05/11/2020,CA,Tulare,0.54
05/11/2020,CA,Tuolumne,0.66
05/11/2020,CA,Ventura,0.58
05/11/2020,CA,Yolo,0.7
05/11/2020,CA,Yuba,0.67
05/11/2020,CO,Adams,0.76
05/11/2020,CO,Alamosa,0.51
05/11/2020,CO,Arapahoe,0.65
05/11/2020,CO,Boulder,0.58
05/11/2020,CO,Chaffee,0.33
05/11/2020,CO,Delta,0.4
05/11/2020,CO,Denver,0.5
05/11/2020,CO,Douglas,0.56
05/11/2020,CO,Eagle,0.44
05/11/2020,CO,El Paso,0.6
05/11/2020,CO,Fremont,0.3
05/11/2020,CO,Garfield,0.78
05/11/2020,CO,Jefferson,0.66
05/11/2020,CO,La Plata,0.39
05/11/2020,CO,Larimer,0.78
05/11/2020,CO,Logan,0.24
05/11/2020,CO,Mesa,0.57
05/11/2020,CO,Montezuma,0.35
05/11/2020,CO,Montrose,0.52
05/11/2020,CO,Morgan,0.03
05/11/2020,CO,Pitkin,0.05
05/11/2020,CO,Pueblo,0.65
05/11/2020,CO,Routt,0.1
05/11/2020,CO,Summit,0.06
05/11/2020,CO,Weld,0.66
05/11/2020,CT,Fairfield,0.51
05/11/2020,CT,Hartford,0.71
05/11/2020,CT,Litchfield,0.46
05/11/2020,CT,Middlesex,0.77
05/11/2020,CT,New Haven,0.72
05/11/2020,CT,New London,0.76
05/11/2020,CT,Tolland,0.46
05/11/2020,CT,Windham,0.39
05/11/2020,DC,District of Columbia,0.63
05/11/2020,DE,Kent,0.88
05/11/2020,DE,New Castle,0.71
05/11/2020,DE,Sussex,0.45
05/11/2020,FL,Alachua,0.86
05/11/2020,FL,Bay,0.69
05/11/2020,FL,Brevard,0.68
05/11/2020,FL,Broward,0.71
05/11/2020,FL,Charlotte,0.72
05/11/2020,FL,Citrus,0.62
05/11/2020,FL,Clay,0.93
05/11/2020,FL,Collier,0.65
05/11/2020,FL,Columbia,0.57
05/11/2020,FL,DeSoto,0.38
05/11/2020,FL,Duval,0.64
05/11/2020,FL,Escambia,0.9
05/11/2020,FL,Flagler,0.78
05/11/2020,FL,Hernando,0.75
05/11/2020,FL,Highlands,0.68
05/11/2020,FL,Hillsborough,0.79
05/11/2020,FL,Indian River,0.71
05/11/2020,FL,Jackson,0.44
05/11/2020,FL,Lake,0.65
05/11/2020,FL,Lee,0.61
05/11/2020,FL,Leon,0.82
05/11/2020,FL,Manatee,0.52
05/11/2020,FL,Marion,0.76
05/11/2020,FL,Martin,0.26
05/11/2020,FL,Miami-Dade,0.63
05/11/2020,FL,Monroe,0.36
05/11/2020,FL,Nassau,0.25
05/11/2020,FL,Okaloosa,0.78
05/11/2020,FL,Okeechobee,1.0
05/11/2020,FL,Orange,0.68
05/11/2020,FL,Osceola,0.77
05/11/2020,FL,Palm Beach,0.72
05/11/2020,FL,Pasco,0.7
05/11/2020,FL,Pinellas,0.73
05/11/2020,FL,Polk,0.85
05/11/2020,FL,Putnam,0.6
05/11/2020,FL,Santa Rosa,0.52
05/11/2020,FL,Sarasota,0.47
05/11/2020,FL,Seminole,0.73
05/11/2020,FL,St. Johns,0.52
05/11/2020,FL,St. Lucie,0.69
05/11/2020,FL,Sumter,0.82
05/11/2020,FL,Volusia,0.69
05/11/2020,FL,Walton,0.52
05/11/2020,GA,Bacon,0.4
05/11/2020,GA,Baldwin,0.71
05/11/2020,GA,Barrow,0.36
05/11/2020,GA,Bartow,0.72
05/11/2020,GA,Bibb,0.92
05/11/2020,GA,Bulloch,0.75
05/11/2020,GA,Camden,0.39
05/11/2020,GA,Candler,0.05
05/11/2020,GA,Carroll,0.82
05/11/2020,GA,Chatham,0.84
05/11/2020,GA,Clarke,0.59
05/11/2020,GA,Clayton,0.66
05/11/2020,GA,Cobb,0.83
05/11/2020,GA,Coffee,0.69
05/11/2020,GA,Colquitt,0.74
05/11/2020,GA,Coweta,0.62
05/11/2020,GA,Crisp,0.63
05/11/2020,GA,DeKalb,0.57
05/11/2020,GA,Decatur,0.29
05/11/2020,GA,Dodge,0.44
05/11/2020,GA,Douglas,1.0
05/11/2020,GA,Elbert,0.0
05/11/2020,GA,Emanuel,0.2
05/11/2020,GA,Fannin,0.24
05/11/2020,GA,Fayette,0.65
05/11/2020,GA,Floyd,0.8
05/11/2020,GA,Forsyth,0.67
05/11/2020,GA,Franklin,0.38
05/11/2020,GA,Fulton,0.76
05/11/2020,GA,Gordon,0.65
05/11/2020,GA,Grady,0.32
05/11/2020,GA,Gwinnett,1.0
05/11/2020,GA,Habersham,0.52
05/11/2020,GA,Hall,0.81
05/11/2020,GA,Houston,0.8
05/11/2020,GA,Jeff Davis,0.22
05/11/2020,GA,Laurens,0.79
05/11/2020,GA,Lowndes,0.94
05/11/2020,GA,Muscogee,0.59
05/11/2020,GA,Newton,0.54
05/11/2020,GA,Paulding,0.77
05/11/2020,GA,Pickens,0.73
05/11/2020,GA,Pulaski,0.3
05/11/2020,GA,Richmond,0.77
05/11/2020,GA,Rockdale,0.58
05/11/2020,GA,Spalding,0.55
05/11/2020,GA,Stephens,0.28
05/11/2020,GA,Thomas,0.74
05/11/2020,GA,Tift,0.79
05/11/2020,GA,Toombs,0.63
05/11/2020,GA,Troup,0.41
05/11/2020,GA,Union,0.28
05/11/2020,GA,Upson,0.36
05/11/2020,GA,Walton,0.7
05/11/2020,GA,Ware,0.0
05/11/2020,GA,Wayne,0.25
05/11/2020,GA,Whitfield,0.67
05/11/2020,HI,Hawaii,0.47
05/11/2020,HI,Honolulu,0.69
05/11/2020,HI,Kauai,0.63
05/11/2020,HI,Maui,0.86
05/11/2020,IA,Appanoose,0.0
05/11/2020,IA,Black Hawk,0.43
05/11/2020,IA,Calhoun,0.02
05/11/2020,IA,Carroll,0.21
05/11/2020,IA,Cass,0.04
05/11/2020,IA,Cerro Gordo,0.68
05/11/2020,IA,Clinton,0.51
05/11/2020,IA,Des Moines,0.49
05/11/2020,IA,Dubuque,0.53
05/11/2020,IA,Johnson,0.76
05/11/2020,IA,Lee,0.07
05/11/2020,IA,Linn,0.53
05/11/2020,IA,Marion,0.07
05/11/2020,IA,Montgomery,0.45
05/11/2020,IA,Muscatine,0.55
05/11/2020,IA,Page,0.0
05/11/2020,IA,Polk,0.63
05/11/2020,IA,Pottawattamie,0.36
05/11/2020,IA,Poweshiek,0.34
05/11/2020,IA,Scott,0.49
05/11/2020,IA,Story,0.3
05/11/2020,IA,Union,0.05
05/11/2020,IA,Wapello,0.45
05/11/2020,IA,Webster,0.81
05/11/2020,IA,Woodbury,0.66
05/11/2020,ID,Ada,0.55
05/11/2020,ID,Bannock,0.56
05/11/2020,ID,Bingham,0.54
05/11/2020,ID,Bonner,0.44
05/11/2020,ID,Bonneville,0.46
05/11/2020,ID,Canyon,0.49
05/11/2020,ID,Cassia,0.28
05/11/2020,ID,Kootenai,0.74
05/11/2020,ID,Latah,0.18
05/11/2020,ID,Madison,0.22
05/11/2020,ID,Nez Perce,0.54
05/11/2020,ID,Twin Falls,0.35
05/11/2020,IL,Adams,0.58
05/11/2020,IL,Bureau,0.3
05/11/2020,IL,Champaign,0.57
05/11/2020,IL,Cook,0.58
05/11/2020,IL,DuPage,0.56
05/11/2020,IL,Effingham,0.45
05/11/2020,IL,Fayette,0.03
05/11/2020,IL,Ford,0.03
05/11/2020,IL,Fulton,0.44
05/11/2020,IL,Grundy,0.89
05/11/2020,IL,Henry,0.02
05/11/2020,IL,Jackson,0.79
05/11/2020,IL,Jefferson,0.33
05/11/2020,IL,Jersey,0.21
05/11/2020,IL,Kane,0.55
05/11/2020,IL,Kankakee,0.55
05/11/2020,IL,Knox,0.37
05/11/2020,IL,LaSalle,0.36
05/11/2020,IL,Lake,0.6
05/11/2020,IL,Lee,0.69
05/11/2020,IL,Livingston,0.62
05/11/2020,IL,Macon,0.63
05/11/2020,IL,Madison,0.36
05/11/2020,IL,Marion,0.45
05/11/2020,IL,McDonough,0.28
05/11/2020,IL,McHenry,0.07
05/11/2020,IL,McLean,0.72
05/11/2020,IL,Morgan,0.37
05/11/2020,IL,Ogle,0.0
05/11/2020,IL,Peoria,0.62
05/11/2020,IL,Richland,0.13
05/11/2020,IL,Rock Island,0.64
05/11/2020,IL,Sangamon,0.75
05/11/2020,IL,St. Clair,0.52
05/11/2020,IL,Stephenson,0.46
05/11/2020,IL,Tazewell,0.29
05/11/2020,IL,Vermilion,0.42
05/11/2020,IL,Wabash,0.04
05/11/2020,IL,Wayne,0.15
05/11/2020,IL,Whiteside,0.42
05/11/2020,IL,Will,0.63
05/11/2020,IL,Williamson,0.39
05/11/2020,IL,Winnebago,0.58
05/11/2020,IN,Adams,0.4
05/11/2020,IN,Allen,0.73
05/11/2020,IN,Bartholomew,0.51
05/11/2020,IN,Boone,0.6
05/11/2020,IN,Cass,0.23
05/11/2020,IN,Daviess,0.39
05/11/2020,IN,DeKalb,0.38
05/11/2020,IN,Dearborn,0.66
05/11/2020,IN,Delaware,0.76
05/11/2020,IN,Dubois,0.47
05/11/2020,IN,Elkhart,0.63
05/11/2020,IN,Fayette,0.02
05/11/2020,IN,Fulton,0.46
05/11/2020,IN,Gibson,0.04
05/11/2020,IN,Grant,0.54
05/11/2020,IN,Greene,0.11
05/11/2020,IN,Hamilton,0.44
05/11/2020,IN,Hancock,0.54
05/11/2020,IN,Harrison,0.22
05/11/2020,IN,Hendricks,0.67
05/11/2020,IN,Henry,0.42
05/11/2020,IN,Howard,0.47
05/11/2020,IN,Jackson,0.41
05/11/2020,IN,Jasper,0.15
05/11/2020,IN,Jefferson,0.65
05/11/2020,IN,Johnson,0.22
05/11/2020,IN,Knox,0.65
05/11/2020,IN,Kosciusko,0.25
05/11/2020,IN,LaPorte,0.48
05/11/2020,IN,Lake,0.56
05/11/2020,IN,Lawrence,0.41
05/11/2020,IN,Madison,0.52
05/11/2020,IN,Marion,0.76
05/11/2020,IN,Marshall,0.5
05/11/2020,IN,Miami,0.21
05/11/2020,IN,Monroe,0.62
05/11/2020,IN,Montgomery,0.24
05/11/2020,IN,Perry,0.09
05/11/2020,IN,Porter,0.52
05/11/2020,IN,Putnam,0.07
05/11/2020,IN,Ripley,0.08
05/11/2020,IN,Scott,0.09
05/11/2020,IN,St. Joseph,0.54
05/11/2020,IN,Starke,0.0
05/11/2020,IN,Steuben,0.18
05/11/2020,IN,Sullivan,0.12
05/11/2020,IN,Tippecanoe,0.64
05/11/2020,IN,Vanderburgh,0.62
05/11/2020,IN,Vermillion,0.14
05/11/2020,IN,Vigo,0.47
05/11/2020,IN,Warrick,0.83
05/11/2020,IN,Wayne,0.48
05/11/2020,IN,Wells,0.2
05/11/2020,KS,Atchison,0.27
05/11/2020,KS,Barton,0.0
05/11/2020,KS,Butler,0.32
05/11/2020,KS,Cowley,0.21
05/11/2020,KS,Crawford,0.41
05/11/2020,KS,Douglas,0.25
05/11/2020,KS,Ellis,0.46
05/11/2020,KS,Finney,0.54
05/11/2020,KS,Ford,0.24
05/11/2020,KS,Franklin,0.05
05/11/2020,KS,Geary,0.19
05/11/2020,KS,Harvey,0.51
05/11/2020,KS,Johnson,0.6
05/11/2020,KS,Labette,0.5
05/11/2020,KS,Leavenworth,0.32
05/11/2020,KS,Lyon,0.2
05/11/2020,KS,McPherson,0.07
05/11/2020,KS,Miami,0.91
05/11/2020,KS,Mitchell,0.33
05/11/2020,KS,Montgomery,0.2
05/11/2020,KS,Neosho,0.19
05/11/2020,KS,Pratt,0.41
05/11/2020,KS,Reno,0.35
05/11/2020,KS,Saline,0.64
05/11/2020,KS,Sedgwick,0.76
05/11/2020,KS,Seward,0.46
05/11/2020,KS,Shawnee,0.64
05/11/2020,KS,Thomas,0.04
05/11/2020,KS,Wyandotte,0.65
05/11/2020,KY,Barren,0.64
05/11/2020,KY,Bell,0.49
05/11/2020,KY,Boone,0.64
05/11/2020,KY,Bourbon,0.18
05/11/2020,KY,Boyle,0.35
05/11/2020,KY,Calloway,0.43
05/11/2020,KY,Campbell,0.45
05/11/2020,KY,Christian,0.34
05/11/2020,KY,Clark,0.82
05/11/2020,KY,Clay,0.39
05/11/2020,KY,Daviess,0.67
05/11/2020,KY,Fayette,0.78
05/11/2020,KY,Fleming,0.25
05/11/2020,KY,Floyd,0.65
05/11/2020,KY,Graves,0.58
05/11/2020,KY,Grayson,0.43
05/11/2020,KY,Hardin,0.72
05/11/2020,KY,Harlan,0.55
05/11/2020,KY,Harrison,0.11
05/11/2020,KY,Henderson,0.41
05/11/2020,KY,Jefferson,0.73
05/11/2020,KY,Johnson,0.69
05/11/2020,KY,Kenton,0.61
05/11/2020,KY,Knox,0.24
05/11/2020,KY,Laurel,0.71
05/11/2020,KY,Lawrence,0.35
05/11/2020,KY,Letcher,0.52
05/11/2020,KY,Logan,0.13
05/11/2020,KY,Madison,0.6
05/11/2020,KY,Marion,0.3
05/11/2020,KY,Marshall,0.34
05/11/2020,KY,Mason,0.78
05/11/2020,KY,McCracken,0.55
05/11/2020,KY,Mercer,0.07
05/11/2020,KY,Montgomery,0.92
05/11/2020,KY,Muhlenberg,0.51
05/11/2020,KY,Nelson,0.62
05/11/2020,KY,Ohio,0.05
05/11/2020,KY,Perry,0.66
05/11/2020,KY,Pike,0.69
05/11/2020,KY,Pulaski,0.87
05/11/2020,KY,Rowan,0.64
05/11/2020,KY,Russell,0.13
05/11/2020,KY,Scott,0.76
05/11/2020,KY,Shelby,0.1
05/11/2020,KY,Taylor,0.42
05/11/2020,KY,Warren,0.73
05/11/2020,LA,Acadia,0.85
05/11/2020,LA,Allen,0.15
05/11/2020,LA,Ascension,0.39
05/11/2020,LA,Avoyelles,0.16
05/11/2020,LA,Beauregard,0.52
05/11/2020,LA,Caddo,0.65
05/11/2020,LA,Calcasieu,0.37
05/11/2020,LA,Claiborne,0.53
05/11/2020,LA,Concordia,0.12
05/11/2020,LA,East Baton Rouge,0.53
05/11/2020,LA,Evangeline,0.25
05/11/2020,LA,Franklin,0.0
05/11/2020,LA,Iberia,0.55
05/11/2020,LA,Jefferson,0.72
05/11/2020,LA,Jefferson Davis,0.5
05/11/2020,LA,Lafayette,0.63
05/11/2020,LA,Lafourche,0.4
05/11/2020,LA,Lincoln,0.52
05/11/2020,LA,Morehouse,0.33
05/11/2020,LA,Natchitoches,0.52
05/11/2020,LA,Orleans,0.9
05/11/2020,LA,Ouachita,0.72
05/11/2020,LA,Rapides,0.65
05/11/2020,LA,Richland,0.08
05/11/2020,LA,St. Bernard,0.48
05/11/2020,LA,St. Landry,0.26
05/11/2020,LA,St. Mary,0.18
05/11/2020,LA,St. Tammany,0.54
05/11/2020,LA,Tangipahoa,0.54
05/11/2020,LA,Terrebonne,0.61
05/11/2020,LA,Vermilion,0.47
05/11/2020,LA,Vernon,0.69
05/11/2020,LA,Washington,0.02
05/11/2020,LA,Webster,0.14
05/11/2020,LA,Winn,0.31
05/11/2020,MA,Barnstable,0.78
05/11/2020,MA,Berkshire,0.44
05/11/2020,MA,Bristol,0.53
05/11/2020,MA,Essex,0.5
05/11/2020,MA,Franklin,0.42
05/11/2020,MA,Hampden,0.66
05/11/2020,MA,Hampshire,0.54
05/11/2020,MA,Middlesex,0.62
05/11/2020,MA,Norfolk,0.6
05/11/2020,MA,Plymouth,0.56
05/11/2020,MA,Suffolk,0.74
05/11/2020,MA,Worcester,0.77
05/11/2020,MD,Allegany,0.66
05/11/2020,MD,Anne Arundel,0.6
05/11/2020,MD,Baltimore,0.68
05/11/2020,MD,Calvert,0.91
05/11/2020,MD,Carroll,0.53
05/11/2020,MD,Cecil,0.85
05/11/2020,MD,Charles,0.48
05/11/2020,MD,Frederick,0.56
05/11/2020,MD,Garrett,0.92
05/11/2020,MD,Harford,0.66
05/11/2020,MD,Howard,0.64
05/11/2020,MD,Kent,0.09
05/11/2020,MD,Montgomery,0.67
05/11/2020,MD,Prince George's,0.72
05/11/2020,MD,St. Mary's,0.39
05/11/2020,MD,Talbot,0.32
05/11/2020,MD,Washington,0.96
05/11/2020,MD,Wicomico,0.61
05/11/2020,MD,Worcester,0.49
05/11/2020,ME,Androscoggin,0.55
05/11/2020,ME,Aroostook,0.44
05/11/2020,ME,Cumberland,0.73
05/11/2020,ME,Franklin,0.18
05/11/2020,ME,Hancock,0.43
05/11/2020,ME,Kennebec,0.36
05/11/2020,ME,Knox,1.0
05/11/2020,ME,Oxford,0.4
05/11/2020,ME,Penobscot,0.89
05/11/2020,ME,Somerset,0.5
05/11/2020,ME,Waldo,0.38
05/11/2020,ME,York,0.59
05/11/2020,MI,Alpena,0.47
05/11/2020,MI,Barry,0.62
05/11/2020,MI,Bay,0.73
05/11/2020,MI,Berrien,0.56
05/11/2020,MI,Branch,0.37
05/11/2020,MI,Calhoun,0.45
05/11/2020,MI,Chippewa,0.65
05/11/2020,MI,Clinton,0.05
05/11/2020,MI,Crawford,0.52
05/11/2020,MI,Delta,0.41
05/11/2020,MI,Dickinson,0.67
05/11/2020,MI,Emmet,0.7
05/11/2020,MI,Genesee,0.7
05/11/2020,MI,Gogebic,0.14
05/11/2020,MI,Grand Traverse,0.79
05/11/2020,MI,Hillsdale,0.77
05/11/2020,MI,Houghton,0.37
05/11/2020,MI,Huron,0.23
05/11/2020,MI,Ingham,0.55
05/11/2020,MI,Ionia,0.32
05/11/2020,MI,Iosco,0.58
05/11/2020,MI,Iron,0.13
05/11/2020,MI,Isabella,0.35
05/11/2020,MI,Jackson,0.66
05/11/2020,MI,Kalamazoo,0.93
05/11/2020,MI,Kent,0.72
05/11/2020,MI,Lapeer,0.64
05/11/2020,MI,Lenawee,0.59
05/11/2020,MI,Livingston,0.37
05/11/2020,MI,Macomb,0.61
05/11/2020,MI,Marquette,0.8
05/11/2020,MI,Mason,0.49
05/11/2020,MI,Mecosta,0.49
05/11/2020,MI,Midland,0.8
05/11/2020,MI,Monroe,0.43
05/11/2020,MI,Montcalm,0.27
05/11/2020,MI,Muskegon,0.27
05/11/2020,MI,Newaygo,0.48
05/11/2020,MI,Oakland,0.63
05/11/2020,MI,Osceola,0.0
05/11/2020,MI,Otsego,0.63
05/11/2020,MI,Ottawa,0.22
05/11/2020,MI,Saginaw,0.77
05/11/2020,MI,Shiawassee,0.51
05/11/2020,MI,St. Clair,0.71
05/11/2020,MI,St. Joseph,0.32
05/11/2020,MI,Washtenaw,0.69
05/11/2020,MI,Wayne,0.68
05/11/2020,MI,Wexford,0.54
05/11/2020,MN,Aitkin,0.17
05/11/2020,MN,Anoka,0.7
05/11/2020,MN,Becker,0.43
05/11/2020,MN,Beltrami,0.63
05/11/2020,MN,Blue Earth,0.51
05/11/2020,MN,Carlton,0.03
05/11/2020,MN,Carver,0.9
05/11/2020,MN,Chisago,0.51
05/11/2020,MN,Crow Wing,0.34
05/11/2020,MN,Dakota,0.84
05/11/2020,MN,Douglas,0.35
05/11/2020,MN,Faribault,0.01
05/11/2020,MN,Goodhue,0.44
05/11/2020,MN,Hennepin,0.72
05/11/2020,MN,Kanabec,0.08
05/11/2020,MN,Kandiyohi,0.1
05/11/2020,MN,McLeod,0.07
05/11/2020,MN,Mower,0.26
05/11/2020,MN,Olmsted,0.65
05/11/2020,MN,Otter Tail,0.45
05/11/2020,MN,Polk,0.16
05/11/2020,MN,Ramsey,0.75
05/11/2020,MN,Sherburne,0.2
05/11/2020,MN,St. Louis,0.71
05/11/2020,MN,Stearns,0.68
05/11/2020,MN,Todd,0.09
05/11/2020,MN,Wadena,0.03
05/11/2020,MN,Washington,0.65
05/11/2020,MN,Winona,0.25
05/11/2020,MN,Wright,0.04
05/11/2020,MO,Adair,0.51
05/11/2020,MO,Barton,0.01
05/11/2020,MO,Boone,0.74
05/11/2020,MO,Buchanan,0.73
05/11/2020,MO,Butler,0.56
05/11/2020,MO,Camden,0.37
05/11/2020,MO,Cape Girardeau,0.43
05/11/2020,MO,Cass,0.54
05/11/2020,MO,Clay,0.68
05/11/2020,MO,Clinton,0.54
05/11/2020,MO,Cole,0.49
05/11/2020,MO,Dunklin,0.36
05/11/2020,MO,Franklin,0.48
05/11/2020,MO,Greene,0.68
05/11/2020,MO,Henry,0.44
05/11/2020,MO,Howell,0.6
05/11/2020,MO,Jackson,0.75
05/11/2020,MO,Jefferson,0.24
05/11/2020,MO,Laclede,0.93
05/11/2020,MO,Lafayette,0.36
05/11/2020,MO,Lincoln,0.35
05/11/2020,MO,Marion,0.61
05/11/2020,MO,Newton,0.47
05/11/2020,MO,Pemiscot,0.58
05/11/2020,MO,Pettis,0.43
05/11/2020,MO,Phelps,0.37
05/11/2020,MO,Polk,0.7
05/11/2020,MO,Randolph,0.24
05/11/2020,MO,Saline,0.37
05/11/2020,MO,Scott,0.57
05/11/2020,MO,St. Charles,0.53
05/11/2020,MO,St. Francois,0.37
05/11/2020,MO,St. Louis,0.43
05/11/2020,MO,Stoddard,0.08
05/11/2020,MO,Taney,0.67
05/11/2020,MO,Texas,0.49
05/11/2020,MO,Vernon,0.11
05/11/2020,MS,Adams,0.28
05/11/2020,MS,Alcorn,0.68
05/11/2020,MS,Bolivar,0.5
05/11/2020,MS,Clay,0.14
05/11/2020,MS,Coahoma,0.42
05/11/2020,MS,DeSoto,0.59
05/11/2020,MS,Forrest,0.75
05/11/2020,MS,George,0.22
05/11/2020,MS,Hancock,0.63
05/11/2020,MS,Harrison,0.48
05/11/2020,MS,Hinds,0.81
05/11/2020,MS,Jackson,0.45
05/11/2020,MS,Jones,0.62
05/11/2020,MS,Lafayette,0.49
05/11/2020,MS,Lamar,0.51
05/11/2020,MS,Lauderdale,0.66
05/11/2020,MS,Lee,0.62
05/11/2020,MS,Leflore,0.84
05/11/2020,MS,Lincoln,0.38
05/11/2020,MS,Lowndes,0.47
05/11/2020,MS,Madison,0.38
05/11/2020,MS,Marion,0.09
05/11/2020,MS,Monroe,0.36
05/11/2020,MS,Oktibbeha,0.28
05/11/2020,MS,Pearl River,0.52
05/11/2020,MS,Pike,0.43
05/11/2020,MS,Rankin,0.39
05/11/2020,MS,Union,0.16
05/11/2020,MS,Warren,0.66
05/11/2020,MS,Washington,0.59
05/11/2020,MS,Wayne,0.44
05/11/2020,MT,Cascade,0.72
05/11/2020,MT,Custer,0.5
05/11/2020,MT,Flathead,0.57
05/11/2020,MT,Gallatin,0.63
05/11/2020,MT,Hill,0.16
05/11/2020,MT,Lewis and Clark,0.65
05/11/2020,MT,Missoula,0.48
05/11/2020,MT,Park,0.14
05/11/2020,MT,Rosebud,0.04
05/11/2020,MT,Silver Bow,0.48
05/11/2020,MT,Yellowstone,0.84
05/11/2020,NC,Alamance,0.46
05/11/2020,NC,Beaufort,0.44
05/11/2020,NC,Bladen,0.0
05/11/2020,NC,Brunswick,0.58
05/11/2020,NC,Buncombe,0.8
05/11/2020,NC,Burke,0.49
05/11/2020,NC,Cabarrus,0.79
05/11/2020,NC,Caldwell,0.86
05/11/2020,NC,Camden,0.63
05/11/2020,NC,Carteret,0.52
05/11/2020,NC,Catawba,0.54
05/11/2020,NC,Chatham,0.07
05/11/2020,NC,Chowan,0.75
05/11/2020,NC,Cleveland,0.7
05/11/2020,NC,Craven,0.75
05/11/2020,NC,Cumberland,0.7
05/11/2020,NC,Davidson,0.48
05/11/2020,NC,Duplin,0.44
05/11/2020,NC,Durham,0.63
05/11/2020,NC,Edgecombe,0.74
05/11/2020,NC,Forsyth,0.89
05/11/2020,NC,Gaston,0.53
05/11/2020,NC,Granville,0.44
05/11/2020,NC,Guilford,0.7
05/11/2020,NC,Halifax,0.27
05/11/2020,NC,Harnett,0.46
05/11/2020,NC,Henderson,0.14
05/11/2020,NC,Hertford,0.58
05/11/2020,NC,Iredell,0.59
05/11/2020,NC,Johnston,0.24
05/11/2020,NC,Lee,0.59
05/11/2020,NC,Lincoln,0.62
05/11/2020,NC,Macon,0.54
05/11/2020,NC,Martin,0.26
05/11/2020,NC,McDowell,0.0
05/11/2020,NC,Mecklenburg,0.75
05/11/2020,NC,Nash,0.52
05/11/2020,NC,New Hanover,1.0
05/11/2020,NC,Onslow,0.53
05/11/2020,NC,Orange,0.82
05/11/2020,NC,Person,0.48
05/11/2020,NC,Pitt,0.68
05/11/2020,NC,Polk,0.04
05/11/2020,NC,Randolph,0.37
05/11/2020,NC,Robeson,0.61
05/11/2020,NC,Rockingham,0.54
05/11/2020,NC,Rowan,0.62
05/11/2020,NC,Rutherford,0.21
05/11/2020,NC,Sampson,0.52
05/11/2020,NC,Scotland,0.51
05/11/2020,NC,Stanly,0.53
05/11/2020,NC,Surry,0.54
05/11/2020,NC,Transylvania,0.42
05/11/2020,NC,Union,0.69
05/11/2020,NC,Vance,1.0
05/11/2020,NC,Wake,0.62
05/11/2020,NC,Watauga,0.5
05/11/2020,NC,Wayne,0.74
05/11/2020,NC,Wilkes,0.87
05/11/2020,NC,Wilson,0.3
05/11/2020,ND,Burleigh,0.58
05/11/2020,ND,Cass,0.81
05/11/2020,ND,Grand Forks,0.51
05/11/2020,ND,Stutsman,0.03
05/11/2020,ND,Ward,0.53
05/11/2020,NE,Adams,0.54
05/11/2020,NE,Buffalo,0.54
05/11/2020,NE,Cheyenne,0.02
05/11/2020,NE,Douglas,0.68
05/11/2020,NE,Gage,0.16
05/11/2020,NE,Hall,0.54
05/11/2020,NE,Lancaster,0.68
05/11/2020,NE,Lincoln,0.91
05/11/2020,NE,Madison,0.55
05/11/2020,NE,Platte,0.31
05/11/2020,NE,Sarpy,0.54
05/11/2020,NE,Scotts Bluff,0.67
05/11/2020,NH,Belknap,0.32
05/11/2020,NH,Carroll,0.22
05/11/2020,NH,Cheshire,0.14
05/11/2020,NH,Coos,0.23
05/11/2020,NH,Grafton,0.69
05/11/2020,NH,Hillsborough,0.57
05/11/2020,NH,Merrimack,0.67
05/11/2020,NH,Rockingham,0.72
05/11/2020,NH,Strafford,0.59
05/11/2020,NJ,Atlantic,0.59
05/11/2020,NJ,Bergen,0.59
05/11/2020,NJ,Burlington,0.51
05/11/2020,NJ,Camden,0.67
05/11/2020,NJ,Cape May,0.55
05/11/2020,NJ,Cumberland,0.65
05/11/2020,NJ,Essex,0.5
05/11/2020,NJ,Gloucester,0.65
05/11/2020,NJ,Hudson,0.41
05/11/2020,NJ,Hunterdon,0.65
05/11/2020,NJ,Mercer,0.53
05/11/2020,NJ,Middlesex,0.64
05/11/2020,NJ,Monmouth,0.56
05/11/2020,NJ,Morris,0.7
05/11/2020,NJ,Ocean,0.43
05/11/2020,NJ,Passaic,0.73
05/11/2020,NJ,Salem,0.48
05/11/2020,NJ,Somerset,0.3
05/11/2020,NJ,Sussex,0.77
05/11/2020,NJ,Union,0.67
05/11/2020,NJ,Warren,0.49
05/11/2020,NM,Bernalillo,0.64
05/11/2020,NM,Chaves,0.45
05/11/2020,NM,Cibola,0.14
05/11/2020,NM,Colfax,0.22
05/11/2020,NM,Curry,0.45
05/11/2020,NM,Doña Ana,0.79
05/11/2020,NM,Grant,0.35
05/11/2020,NM,Lea,0.4
05/11/2020,NM,Lincoln,0.55
05/11/2020,NM,Los Alamos,0.06
05/11/2020,NM,Luna,0.15
05/11/2020,NM,McKinley,0.63
05/11/2020,NM,Otero,0.59
05/11/2020,NM,Rio Arriba,0.4
05/11/2020,NM,San Juan,0.79
05/11/2020,NM,Santa Fe,0.6
05/11/2020,NM,Taos,0.34
05/11/2020,NV,Carson City,0.61
05/11/2020,NV,Clark,0.86
05/11/2020,NV,Elko,0.37
05/11/2020,NV,Washoe,0.71
05/11/2020,NY,Albany,0.68
05/11/2020,NY,Allegany,0.43
05/11/2020,NY,Bronx,0.61
05/11/2020,NY,Broome,0.76
05/11/2020,NY,Chautauqua,0.52
05/11/2020,NY,Chemung,0.78
05/11/2020,NY,Chenango,0.17
05/11/2020,NY,Clinton,0.39
05/11/2020,NY,Columbia,0.56
05/11/2020,NY,Cortland,0.57
05/11/2020,NY,Dutchess,0.62
05/11/2020,NY,Erie,0.73
05/11/2020,NY,Franklin,0.28
05/11/2020,NY,Fulton,0.5
05/11/2020,NY,Genesee,0.41
05/11/2020,NY,Jefferson,0.2
05/11/2020,NY,Kings,0.66
05/11/2020,NY,Lewis,0.2
05/11/2020,NY,Madison,0.48
05/11/2020,NY,Monroe,0.8
05/11/2020,NY,Montgomery,0.56
05/11/2020,NY,Nassau,0.71
05/11/2020,NY,New York,0.52
05/11/2020,NY,Niagara,0.55
05/11/2020,NY,Oneida,0.73
05/11/2020,NY,Onondaga,0.8
05/11/2020,NY,Ontario,0.42
05/11/2020,NY,Orange,0.39
05/11/2020,NY,Oswego,0.8
05/11/2020,NY,Otsego,0.71
05/11/2020,NY,Putnam,0.14
05/11/2020,NY,Queens,0.78
05/11/2020,NY,Rensselaer,0.22
05/11/2020,NY,Richmond,0.85
05/11/2020,NY,Schenectady,0.83
05/11/2020,NY,St. Lawrence,0.42
05/11/2020,NY,Steuben,0.54
05/11/2020,NY,Suffolk,0.82
05/11/2020,NY,Tompkins,0.44
05/11/2020,NY,Ulster,0.15
05/11/2020,NY,Warren,0.35
05/11/2020,NY,Wayne,0.42
05/11/2020,NY,Westchester,0.4
05/11/2020,NY,Wyoming,0.28
05/11/2020,OH,Allen,0.6
05/11/2020,OH,Ashland,0.47
05/11/2020,OH,Ashtabula,0.49
05/11/2020,OH,Auglaize,0.29
05/11/2020,OH,Butler,0.55
05/11/2020,OH,Clark,0.65
05/11/2020,OH,Clermont,0.53
05/11/2020,OH,Clinton,0.66
05/11/2020,OH,Columbiana,0.41
05/11/2020,OH,Coshocton,0.34
05/11/2020,OH,Crawford,0.45
05/11/2020,OH,Cuyahoga,0.76
05/11/2020,OH,Darke,0.48
05/11/2020,OH,Defiance,0.21
05/11/2020,OH,Delaware,0.36
05/11/2020,OH,Erie,0.57
05/11/2020,OH,Fairfield,0.62
05/11/2020,OH,Franklin,0.73
05/11/2020,OH,Fulton,0.19
05/11/2020,OH,Gallia,0.41
05/11/2020,OH,Geauga,0.61
05/11/2020,OH,Greene,0.67
05/11/2020,OH,Guernsey,0.3
05/11/2020,OH,Hamilton,0.7
05/11/2020,OH,Hancock,0.13
05/11/2020,OH,Henry,0.06
05/11/2020,OH,Holmes,0.22
05/11/2020,OH,Huron,0.2
05/11/2020,OH,Jefferson,0.4
05/11/2020,OH,Knox,0.55
05/11/2020,OH,Lake,0.61
05/11/2020,OH,Lawrence,0.45
05/11/2020,OH,Licking,0.63
05/11/2020,OH,Lorain,0.63
05/11/2020,OH,Lucas,0.75
05/11/2020,OH,Madison,0.25
05/11/2020,OH,Mahoning,0.85
05/11/2020,OH,Marion,0.47
05/11/2020,OH,Medina,0.59
05/11/2020,OH,Mercer,0.51
05/11/2020,OH,Miami,0.66
05/11/2020,OH,Monroe,0.08
05/11/2020,OH,Montgomery,0.73
05/11/2020,OH,Morrow,0.03
05/11/2020,OH,Muskingum,0.74
05/11/2020,OH,Ottawa,0.02
05/11/2020,OH,Pickaway,0.54
05/11/2020,OH,Portage,0.49
05/11/2020,OH,Richland,0.44
05/11/2020,OH,Ross,0.67
05/11/2020,OH,Sandusky,0.21
05/11/2020,OH,Scioto,0.54
05/11/2020,OH,Seneca,0.4
05/11/2020,OH,Shelby,0.37
05/11/2020,OH,Stark,0.64
05/11/2020,OH,Summit,0.56
05/11/2020,OH,Trumbull,0.47
05/11/2020,OH,Tuscarawas,0.4
05/11/2020,OH,Union,0.37
05/11/2020,OH,Van Wert,0.25
05/11/2020,OH,Warren,0.58
05/11/2020,OH,Washington,0.72
05/11/2020,OH,Wayne,0.31
05/11/2020,OH,Williams,0.27
05/11/2020,OH,Wood,0.32
05/11/2020,OK,Beckham,0.52
05/11/2020,OK,Bryan,0.62
05/11/2020,OK,Canadian,0.64
05/11/2020,OK,Carter,0.4
05/11/2020,OK,Cherokee,0.43
05/11/2020,OK,Cleveland,0.44
05/11/2020,OK,Comanche,0.64
05/11/2020,OK,Custer,0.0
05/11/2020,OK,Delaware,0.67
05/11/2020,OK,Garfield,0.57
05/11/2020,OK,Grady,0.21
05/11/2020,OK,Jackson,0.24
05/11/2020,OK,Kay,0.38
05/11/2020,OK,Le Flore,0.01
05/11/2020,OK,Muskogee,0.86
05/11/2020,OK,Oklahoma,0.7
05/11/2020,OK,Ottawa,0.26
05/11/2020,OK,Payne,0.31
05/11/2020,OK,Pittsburg,0.46
05/11/2020,OK,Pontotoc,0.49
05/11/2020,OK,Pottawatomie,0.4
05/11/2020,OK,Rogers,0.47
05/11/2020,OK,Stephens,0.44
05/11/2020,OK,Tulsa,0.73
05/11/2020,OK,Wagoner,0.0
05/11/2020,OK,Woodward,0.12
05/11/2020,OR,Baker,0.28
05/11/2020,OR,Benton,0.72
05/11/2020,OR,Clackamas,0.49
05/11/2020,OR,Clatsop,0.66
05/11/2020,OR,Coos,0.51
05/11/2020,OR,Deschutes,0.58
05/11/2020,OR,Douglas,0.36
05/11/2020,OR,Harney,0.04
05/11/2020,OR,Jackson,0.7
05/11/2020,OR,Josephine,0.69
05/11/2020,OR,Lane,0.62
05/11/2020,OR,Linn,0.3
05/11/2020,OR,Malheur,0.38
05/11/2020,OR,Marion,0.81
05/11/2020,OR,Multnomah,0.66
05/11/2020,OR,Tillamook,0.33
05/11/2020,OR,Umatilla,0.56
05/11/2020,OR,Union,0.39
05/11/2020,OR,Wasco,0.35
05/11/2020,OR,Washington,0.52
05/11/2020,OR,Yamhill,0.58
05/11/2020,PA,Adams,0.66
05/11/2020,PA,Allegheny,0.68
05/11/2020,PA,Armstrong,0.32
05/11/2020,PA,Beaver,0.68
05/11/2020,PA,Bedford,0.2
05/11/2020,PA,Berks,0.57
05/11/2020,PA,Blair,0.64
05/11/2020,PA,Bradford,0.63
05/11/2020,PA,Bucks,0.38
05/11/2020,PA,Cambria,0.62
05/11/2020,PA,Carbon,0.59
05/11/2020,PA,Chester,0.43
05/11/2020,PA,Clarion,0.35
05/11/2020,PA,Clearfield,0.66
05/11/2020,PA,Columbia,0.26
05/11/2020,PA,Crawford,0.44
05/11/2020,PA,Cumberland,0.79
05/11/2020,PA,Dauphin,0.89
05/11/2020,PA,Delaware,0.47
05/11/2020,PA,Erie,0.75
05/11/2020,PA,Fayette,0.71
05/11/2020,PA,Huntingdon,0.37
05/11/2020,PA,Indiana,0.51
05/11/2020,PA,Jefferson,0.31
05/11/2020,PA,Lackawanna,0.57
05/11/2020,PA,Lancaster,0.61
05/11/2020,PA,Lawrence,0.28
05/11/2020,PA,Lebanon,0.59
05/11/2020,PA,Lehigh,0.7
05/11/2020,PA,Luzerne,0.72
05/11/2020,PA,Lycoming,0.73
05/11/2020,PA,McKean,0.01
05/11/2020,PA,Mercer,0.4
05/11/2020,PA,Mifflin,0.31
05/11/2020,PA,Monroe,0.33
05/11/2020,PA,Montgomery,0.55
05/11/2020,PA,Montour,1.0
05/11/2020,PA,Northampton,0.48
05/11/2020,PA,Philadelphia,0.77
05/11/2020,PA,Potter,0.52
05/11/2020,PA,Schuylkill,0.53
05/11/2020,PA,Somerset,0.03
05/11/2020,PA,Susquehanna,0.02
05/11/2020,PA,Tioga,0.47
05/11/2020,PA,Union,0.46
05/11/2020,PA,Venango,0.53
05/11/2020,PA,Warren,0.34
05/11/2020,PA,Washington,0.62
05/11/2020,PA,Wayne,0.37
05/11/2020,PA,Westmoreland,0.56
05/11/2020,PA,Wyoming,0.0
05/11/2020,PA,York,0.91
05/11/2020,PR,Aguadilla,0.7
05/11/2020,PR,Aibonito,0.82
05/11/2020,PR,Bayamón,0.78
05/11/2020,PR,Caguas,0.74
05/11/2020,PR,Cayey,0.58
05/11/2020,PR,Fajardo,0.77
05/11/2020,PR,Humacao,0.35
05/11/2020,PR,Manatí,0.81
05/11/2020,PR,Mayagüez,0.68
05/11/2020,PR,Moca,0.73
05/11/2020,PR,Ponce,0.61
05/11/2020,PR,San Germán,0.76
05/11/2020,PR,San Juan,0.75
05/11/2020,PR,Vega Baja,0.62
05/11/2020,PR,Yauco,0.61
05/11/2020,RI,Kent,0.68
05/11/2020,RI,Newport,0.59
05/11/2020,RI,Providence,0.71
05/11/2020,RI,Washington,0.61
05/11/2020,SC,Abbeville,0.03
05/11/2020,SC,Aiken,0.53
05/11/2020,SC,Anderson,0.83
05/11/2020,SC,Beaufort,0.52
05/11/2020,SC,Charleston,0.58
05/11/2020,SC,Cherokee,0.3
05/11/2020,SC,Chester,0.0
05/11/2020,SC,Chesterfield,0.7
05/11/2020,SC,Clarendon,0.29
05/11/2020,SC,Colleton,0.69
05/11/2020,SC,Darlington,0.72
05/11/2020,SC,Dillon,0.46
05/11/2020,SC,Florence,0.69
05/11/2020,SC,Georgetown,0.44
05/11/2020,SC,Greenville,0.86
05/11/2020,SC,Greenwood,0.57
05/11/2020,SC,Hampton,0.09
05/11/2020,SC,Horry,0.83
05/11/2020,SC,Jasper,0.91
05/11/2020,SC,Kershaw,0.58
05/11/2020,SC,Lancaster,0.65
05/11/2020,SC,Lexington,0.66
05/11/2020,SC,Marion,0.35
05/11/2020,SC,Newberry,0.29
05/11/2020,SC,Orangeburg,0.74
05/11/2020,SC,Pickens,0.38
05/11/2020,SC,Richland,0.77
05/11/2020,SC,Spartanburg,0.54
05/11/2020,SC,Sumter,0.62
05/11/2020,SC,Union,0.0
05/11/2020,SC,Williamsburg,0.59
05/11/2020,SC,York,0.69
05/11/2020,SD,Beadle,0.14
05/11/2020,SD,Brown,0.64
05/11/2020,SD,Codington,0.24
05/11/2020,SD,Davison,0.42
05/11/2020,SD,Hughes,0.18
05/11/2020,SD,Lawrence,0.15
05/11/2020,SD,Meade,0.03
05/11/2020,SD,Minnehaha,0.64
05/11/2020,SD,Walworth,0.01
05/11/2020,TN,Anderson,0.85
05/11/2020,TN,Bedford,0.31
05/11/2020,TN,Blount,0.82
05/11/2020,TN,Campbell,0.56
05/11/2020,TN,Carter,0.59
05/11/2020,TN,Claiborne,0.58
05/11/2020,TN,Cocke,0.67
05/11/2020,TN,Coffee,0.53
05/11/2020,TN,Cumberland,0.74
05/11/2020,TN,Davidson,0.86
05/11/2020,TN,DeKalb,0.01
05/11/2020,TN,Dickson,0.76
05/11/2020,TN,Dyer,0.48
05/11/2020,TN,Franklin,0.56
05/11/2020,TN,Gibson,0.08
05/11/2020,TN,Giles,0.48
05/11/2020,TN,Greene,0.39
05/11/2020,TN,Hamblen,0.64
05/11/2020,TN,Hamilton,0.78
05/11/2020,TN,Hawkins,0.13
05/11/2020,TN,Jefferson,0.44
05/11/2020,TN,Knox,0.74
05/11/2020,TN,Lawrence,0.51
05/11/2020,TN,Lincoln,0.24
05/11/2020,TN,Loudon,0.8
05/11/2020,TN,Madison,0.51
05/11/2020,TN,Maury,0.89
05/11/2020,TN,McMinn,0.88
05/11/2020,TN,Montgomery,0.57
05/11/2020,TN,Overton,0.29
05/11/2020,TN,Putnam,0.67
05/11/2020,TN,Rhea,0.2
05/11/2020,TN,Roane,0.8
05/11/2020,TN,Robertson,0.57
05/11/2020,TN,Rutherford,0.72
05/11/2020,TN,Sevier,0.59
05/11/2020,TN,Shelby,0.86
05/11/2020,TN,Sullivan,0.78
05/11/2020,TN,Sumner,0.66
05/11/2020,TN,Warren,0.44
05/11/2020,TN,Washington,0.59
05/11/2020,TN,Weakley,0.32
05/11/2020,TN,White,0.01
05/11/2020,TN,Williamson,0.33
05/11/2020,TN,Wilson,0.64
05/11/2020,TX,Anderson,0.58
05/11/2020,TX,Angelina,0.5
05/11/2020,TX,Atascosa,0.21
05/11/2020,TX,Bee,0.27
05/11/2020,TX,Bell,0.54
05/11/2020,TX,Bexar,0.75
05/11/2020,TX,Bowie,0.26
05/11/2020,TX,Brazoria,0.62
05/11/2020,TX,Brazos,0.55
05/11/2020,TX,Brewster,0.11
05/11/2020,TX,Brown,0.25
05/11/2020,TX,Burnet,0.44
05/11/2020,TX,Calhoun,0.2
05/11/2020,TX,Cameron,0.68
05/11/2020,TX,Collin,0.58
05/11/2020,TX,Comal,0.44
05/11/2020,TX,Cooke,0.49
05/11/2020,TX,Dallas,0.71
05/11/2020,TX,Denton,0.63
05/11/2020,TX,Ector,0.67
05/11/2020,TX,El Paso,0.7
05/11/2020,TX,Ellis,0.44
05/11/2020,TX,Erath,0.27
05/11/2020,TX,Fannin,0.04
05/11/2020,TX,Fort Bend,0.53
05/11/2020,TX,Gillespie,0.24
05/11/2020,TX,Gray,0.27
05/11/2020,TX,Grayson,0.63
05/11/2020,TX,Gregg,0.52
05/11/2020,TX,Guadalupe,0.51
05/11/2020,TX,Hale,0.73
05/11/2020,TX,Harris,0.68
05/11/2020,TX,Harrison,0.6
05/11/2020,TX,Hays,0.43
05/11/2020,TX,Henderson,0.52
05/11/2020,TX,Hidalgo,0.54
05/11/2020,TX,Hood,0.32
05/11/2020,TX,Hopkins,0.4
05/11/2020,TX,Howard,0.39
05/11/2020,TX,Hunt,0.58
05/11/2020,TX,Hutchinson,0.08
05/11/2020,TX,Jasper,0.0
05/11/2020,TX,Jefferson,0.68
05/11/2020,TX,Jim Wells,0.36
05/11/2020,TX,Johnson,0.6
05/11/2020,TX,Kaufman,0.26
05/11/2020,TX,Kerr,0.55
05/11/2020,TX,Kleberg,0.61
05/11/2020,TX,Lamar,0.47
05/11/2020,TX,Lavaca,0.06
05/11/2020,TX,Limestone,0.02
05/11/2020,TX,Lubbock,0.79
05/11/2020,TX,Matagorda,0.47
05/11/2020,TX,Maverick,0.69
05/11/2020,TX,McLennan,0.67
05/11/2020,TX,Montgomery,0.51
05/11/2020,TX,Moore,0.17
05/11/2020,TX,Nacogdoches,0.34
05/11/2020,TX,Navarro,0.28
05/11/2020,TX,Nolan,0.34
05/11/2020,TX,Nueces,0.86
05/11/2020,TX,Palo Pinto,0.27
05/11/2020,TX,Parker,0.53
05/11/2020,TX,Polk,0.41
05/11/2020,TX,Potter,0.7
05/11/2020,TX,Rockwall,0.64
05/11/2020,TX,Smith,0.44
05/11/2020,TX,Tarrant,0.65
05/11/2020,TX,Titus,0.47
05/11/2020,TX,Tom Green,0.56
05/11/2020,TX,Travis,0.67
05/11/2020,TX,Uvalde,0.36
05/11/2020,TX,Val Verde,0.77
05/11/2020,TX,Victoria,0.65
05/11/2020,TX,Walker,0.49
05/11/2020,TX,Washington,0.18
05/11/2020,TX,Webb,0.74
05/11/2020,TX,Wharton,0.07
05/11/2020,TX,Wichita,0.65
05/11/2020,TX,Williamson,0.66
05/11/2020,TX,Wilson,0.2
05/11/2020,TX,Wise,0.69
05/11/2020,UT,Cache,0.31
05/11/2020,UT,Carbon,0.41
05/11/2020,UT,Davis,0.56
05/11/2020,UT,Iron,0.35
05/11/2020,UT,Salt Lake,0.61
05/11/2020,UT,San Juan,0.1
05/11/2020,UT,Summit,0.32
05/11/2020,UT,Tooele,0.15
05/11/2020,UT,Uintah,0.54
05/11/2020,UT,Utah,0.59
05/11/2020,UT,Washington,0.52
05/11/2020,UT,Weber,0.6
05/11/2020,VA,Albemarle,0.74
05/11/2020,VA,Alleghany,0.44
05/11/2020,VA,Arlington,0.5
05/11/2020,VA,Augusta,0.97
05/11/2020,VA,Bedford,0.41
05/11/2020,VA,Buchanan,0.13
05/11/2020,VA,Chesapeake,0.84
05/11/2020,VA,Culpeper,0.43
05/11/2020,VA,Danville,0.57
05/11/2020,VA,Emporia,0.0
05/11/2020,VA,Essex,0.5
05/11/2020,VA,Fairfax,0.62
05/11/2020,VA,Fauquier,0.64
05/11/2020,VA,Franklin,0.35
05/11/2020,VA,Frederick,0.85
05/11/2020,VA,Galax,0.42
05/11/2020,VA,Gloucester,0.93
05/11/2020,VA,Halifax,0.69
05/11/2020,VA,Hampton,0.78
05/11/2020,VA,Henrico,0.17
05/11/2020,VA,Hopewell,0.32
05/11/2020,VA,James City,0.62
05/11/2020,VA,Loudoun,0.35
05/11/2020,VA,Manassas,0.77
05/11/2020,VA,Montgomery,0.62
05/11/2020,VA,Newport News,0.73
05/11/2020,VA,Norfolk,0.75
05/11/2020,VA,Northampton,0.4
05/11/2020,VA,Norton,0.36
05/11/2020,VA,Prince Edward,0.62
05/11/2020,VA,Prince George,0.67
05/11/2020,VA,Prince William,0.56
05/11/2020,VA,Richmond,0.9
05/11/2020,VA,Roanoke,0.87
05/11/2020,VA,Rockingham,0.8
05/11/2020,VA,Russell,0.29
05/11/2020,VA,Salem,0.68
05/11/2020,VA,Smyth,0.17
05/11/2020,VA,Spotsylvania,0.44
05/11/2020,VA,Stafford,0.73
05/11/2020,VA,Suffolk,0.82
05/11/2020,VA,Tazewell,0.45
05/11/2020,VA,Virginia Beach,0.72
05/11/2020,VA,Warren,0.56
05/11/2020,VA,Washington,0.36
05/11/2020,VA,Williamsburg,0.31
05/11/2020,VA,Wise,0.44
05/11/2020,VA,Wythe,0.46
05/11/2020,VT,Bennington,0.5
05/11/2020,VT,Caledonia,0.45
05/11/2020,VT,Chittenden,0.65
05/11/2020,VT,Orange,0.29
05/11/2020,VT,Orleans,0.13
05/11/2020,VT,Rutland,0.15
05/11/2020,VT,Washington,0.5
05/11/2020,WA,Benton,0.74
05/11/2020,WA,Chelan,0.52
05/11/2020,WA,Clallam,0.6
05/11/2020,WA,Clark,0.6
05/11/2020,WA,Cowlitz,0.37
05/11/2020,WA,Grant,0.59
05/11/2020,WA,Grays Harbor,0.52
05/11/2020,WA,Island,0.29
05/11/2020,WA,Jefferson,0.09
05/11/2020,WA,King,0.75
05/11/2020,WA,Kitsap,0.55
05/11/2020,WA,Kittitas,0.11
05/11/2020,WA,Lewis,0.59
05/11/2020,WA,Mason,0.41
05/11/2020,WA,Pierce,0.68
05/11/2020,WA,Skagit,0.32
05/11/2020,WA,Snohomish,0.74
05/11/2020,WA,Spokane,0.75
05/11/2020,WA,Thurston,0.74
05/11/2020,WA,Walla Walla,0.39
05/11/2020,WA,Whitman,0.24
05/11/2020,WA,Yakima,0.46
05/11/2020,WI,Barron,0.46
05/11/2020,WI,Brown,0.78
05/11/2020,WI,Chippewa,0.45
05/11/2020,WI,Columbia,0.24
05/11/2020,WI,Dane,0.54
05/11/2020,WI,Dodge,0.14
05/11/2020,WI,Door,0.54
05/11/2020,WI,Eau Claire,0.43
05/11/2020,WI,Fond du Lac,0.58
05/11/2020,WI,Green,0.48
05/11/2020,WI,Green Lake,0.17
05/11/2020,WI,Jefferson,0.34
05/11/2020,WI,Kenosha,0.7
05/11/2020,WI,La Crosse,0.44
05/11/2020,WI,Langlade,0.16
05/11/2020,WI,Manitowoc,0.3
05/11/2020,WI,Marathon,0.48
05/11/2020,WI,Marinette,0.45
05/11/2020,WI,Milwaukee,0.69
05/11/2020,WI,Oneida,0.17
05/11/2020,WI,Outagamie,0.53
05/11/2020,WI,Ozaukee,0.6
05/11/2020,WI,Polk,0.13
05/11/2020,WI,Portage,0.78
05/11/2020,WI,Price,0.08
05/11/2020,WI,Racine,0.55
05/11/2020,WI,Richland,0.26
05/11/2020,WI,Rock,0.47
05/11/2020,WI,Rusk,0.04
05/11/2020,WI,Sauk,0.26
05/11/2020,WI,Sheboygan,0.51
05/11/2020,WI,Walworth,0.4
05/11/2020,WI,Washington,0.52
05/11/2020,WI,Waukesha,0.51
05/11/2020,WI,Waupaca,0.13
05/11/2020,WI,Winnebago,0.68
05/11/2020,WI,Wood,0.91
05/11/2020,WV,Berkeley,0.58
05/11/2020,WV,Brooke,0.31
05/11/2020,WV,Cabell,0.88
05/11/2020,WV,Fayette,0.22
05/11/2020,WV,Grant,0.27
05/11/2020,WV,Greenbrier,0.52
05/11/2020,WV,Harrison,0.74
05/11/2020,WV,Jefferson,0.78
05/11/2020,WV,Kanawha,0.75
05/11/2020,WV,Lewis,0.4
05/11/2020,WV,Logan,0.9
05/11/2020,WV,Marion,0.27
05/11/2020,WV,Marshall,0.38
05/11/2020,WV,Mason,0.33
05/11/2020,WV,McDowell,0.26
05/11/2020,WV,Mercer,0.47
05/11/2020,WV,Mineral,0.1
05/11/2020,WV,Mingo,0.06
05/11/2020,WV,Monongalia,0.85
05/11/2020,WV,Nicholas,0.37
05/11/2020,WV,Ohio,0.5
05/11/2020,WV,Raleigh,0.67
05/11/2020,WV,Upshur,0.22
05/11/2020,WV,Wood,0.66
05/11/2020,WY,Albany,0.22
05/11/2020,WY,Carbon,0.05
05/11/2020,WY,Fremont,0.35
05/11/2020,WY,Laramie,0.53
05/11/2020,WY,Natrona,0.56
05/11/2020,WY,Sheridan,0.34
05/11/2020,WY,Sweetwater,0.23
05/11/2020,WY,Teton,0.33
05/11/2020,WY,Uinta,0.11
